CD_UNIMED,TP_UNIMED,CD_UNI_FED,CD_UNI_CONFED,NR_REG_ANS,DT_FUNDACAO,DT_EXCL,TP_CAMARA_COMPENS,DS_END,DS_BAIRRO,NR_CEP,CD_MUNIC,NR_END,DS_COMPL,NR_FONE,DS_EMAIL,DS_ENDERECO_WEB,NM_UNIMED,FG_PRESTADORA,FLG_NOVO_INTERC,NR_BANCO,NR_AGENCIA,NR_CONTA_CORRENTE,CD_CNPJ,FG_UTILIZA_RDA,NM_UNIMED_ABREV,CD_INSC_EST,DS_SAC,DS_URL,DT_INI_SUSPENSAO,DT_FIM_SUSPENSAO,DT_INI_SUSP_SUSPENSAO,NR_DIAS_SUSP_SUSPENSAO,TP_CARATER_SUSP,ID_ORIGEM
001,U,,,355721,18/12/1967,,1,AV ANA COSTA ,CENTRO,11060001,3548500,211,NULL,(13)21028100,NULL,NULL,UNIMED SANTOS COOP DE TRAB MED LTDA,N,N,078,0,0,58229691000180,N,UNIMED SANTOS,,,,,,,,,4
002,U,,,335690,17/12/1970,,1,AVENIDA BARAO DE ITAPURA ,CENTRO,13020432,3509502,1123,NULL,(19)32316559,NULL,NULL,UNIMED CAMPINAS COOP TRAB MED LTDA,N,N,078,0,0,46124624000111,N,UNIMED CAMPINAS,,,,,,,,,5
003,U,,,315729,01/01/2001,,1,RUA 15 DE NOVEMBRO ,CENTRO,13416753,3538709,1429,NULL,(19)34368000,NULL,NULL,UNIMED PIRACICABA COOP TRAB MED LTDA,N,N,078,0,0,44803922000102,N,UNIMED PIRACICABA,,,,,,,,,6
004,U,,,331872,13/02/1971,,1,AV DR NELSON D AVILA,JARDIM SAO DIMAS,12245030,3549904,1365,NULL,(123)220399,NULL,NULL,UNIMED SAO JOSE DOS CAMPOS,N,N,078,0,0,60214517000105,N,UNIMED SAO J DOS CAMPOS,,,,,,,,,7
005,U,,,343269,11/03/1971,,1,AV AYRTON SENNA DA SILVA 1065,PARQUE GUANABARA BOULEVARD,86050460,4113700,1065,NULL,(43)3215151,NULL,NULL,UNIMED LONDRINA COOP TRAB MEDICO LTDA,N,N,078,0,0,75222224000147,N,UNIMED LONDRINA,,,,,,,,,8
006,U,,,343889,01/04/1971,,1,RUA DOS INCONFIDENTES,FUNCIONARIOS,30140120,3106200,44,NULL,(31)32296000,NULL,NULL,UNIMED BELO HORIZONTE COOP TRAB MEDICO,N,N,078,0,0,16513178000176,N,UNIMED BELO HORIZONTE,,,,,,,,,9
008,U,,,351202,30/04/1971,,1,RUA LAFAIETE ,CENTRO,14015080,3543402,789,NULL,(16)6106000,NULL,NULL,UNIMED RIBEIRAO PRETO,N,N,078,0,0,45232246000127,N,UNIMED RIB PRETO,,,,,,,,,10
009,U,,,354783,01/05/1971,,1,R GENERAL CARNEIRO ,CENTRO,14400500,3516200,1595,NULL,(16)37116677,contasmedicas@unimedfranca.com.br,NULL,UNIMED FRANCA SOCIEDADE COOP DE SERV MEDICOS E HOSPITALARES,N,N,078,0,0,45309606000141,N,UNIMED FRANCA,,,,,,,,,11
010,U,,,356107,03/05/1971,,1,RUA VIRGILIO ANTUNES ,CENTRO,12700000,3513405,51,NULL,(125)443545,NULL,NULL,UNIMED CRUZEIRO COOP TRAB MED LTDA,N,N,078,0,0,45198009000197,N,UNIMED CRUZEIRO,,,,,,,,,12
011,U,,,345270,13/05/1971,,1,RUA DR CESARIO MOTA ,CENTRO,09010011,3547809,34,NULL,(11)7157000,NULL,NULL,UNIMED ABC COOP TRAB MEDICO LTDA,N,N,078,0,0,44183390000158,N,UNIMED ABC,,,,,,,,,13
012,U,,,306126,01/01/2001,,1,AVENIDA 03 ,CENTRO,13500391,3543907,654,NULL,(195)243077,NULL,NULL,UNIMED RIO CLARO COOP TRAB MED LTDA,N,N,078,0,0,44663631000166,N,UNIMED RIO CLARO,,,,,,,,,14
013,U,,,364312,15/05/1971,,1,RUA CARLOS GOMES ,CENTRO,14801340,3503208,1943,NULL,(162)363244,NULL,NULL,UNIMED ARARAQUARA COOP TRAB MEDICO LTDA,N,N,078,0,0,45272366000158,N,UNIMED ARARAQUARA,,,,,,,,,15
014,U,,,384577,15/05/1971,,1,AV JOAO PINHEIRO ,CENTRO,38400126,3170206,639,NULL,(34)32396900,NULL,NULL,UNIMED UBERLANDIA,N,N,078,0,0,17790718000121,N,UNIMED UBERLANDIA,,,,,,,,,16
015,U,,,354031,01/01/2001,,1,RUA VICENTE PELICANO ,AZULVILLE,13571000,3548906,945,NULL,(162)715070,NULL,NULL,UNIMED SAO CARLOS COOP TRAB MEDICO LTDA,N,N,078,0,0,45359213000142,N,UNIMED SAO CARLOS,,,,,,,,,17
016,U,,,351407,18/05/1971,,1,RUA RIO PRETO ,JARDIM,15800000,3511102,450,NULL,(175)223131,NULL,NULL,UNIMED CATANDUVA COOP TRAB MEDICO LTDA,N,N,078,0,0,45118429000116,N,UNIMED CATANDUVA,,,,,,,,,18
017,U,,,343731,01/01/2001,,1,RUA DR BORMAN 51 SALA ,CENTRO,24020320,3303302,901,NULL,(21)27196188,NULL,NULL,UNIMED S GONCALO NITEROI COOP T MED LTDA,N,N,078,0,0,28630531000187,N,UNIMED NITEROI,,,,,,,,,19
018,U,,,348295,04/06/1971,,1,RUA PRES JUSCELINO K DE OLIVEIRA ,CENTRO,18031480,3552205,736,NULL,(152)244166,NULL,NULL,UNIMED SOROCABA COOP TRAB MEDICO LTDA,N,N,078,0,0,45399961000159,N,UNIMED SOROCABA,,,,,,,,,20
019,U,,,304051,05/06/1971,,1,RUA IRMA BEATA ,CENTRO,39400110,3143302,334,NULL,(38)2222004,NULL,NULL,UNIMED NORTE DE MINAS MONTES CLAROS,N,N,078,0,0,16921561000163,N,U MONTES CLAROS,,,,,,,,,21
020,U,,,355577,01/01/2001,,1,AV JUSCELINO K DE OLIVEIRA ,CAMPO DO GALVAO,12500000,3518404,831,NULL,(125)222858,NULL,NULL,UNIMED GUARATINGUETA COOP TRAB MED LTDA,N,N,078,0,0,45207131000182,N,UN GUARATINGUETA,,,,,,,,,22
021,U,,,354066,19/06/1971,,1,RUA ALAOR PRATA ,ESTADOS UNIDOS,38015010,3170107,294,NULL,(34)3329988,NULL,NULL,UNIMED UBERABA,N,N,078,0,0,17774738000109,N,UNIMED UBERABA,,,,,,,,,23
022,U,,,369659,06/07/1971,,1,RUA AGENOR MEIRA 12 ,CENTRO,17015301,3506003,34,NULL,(14)2239944,NULL,NULL,UNIMED BAURU COOP TRAB MEDICO LTDA,N,N,078,0,0,44456036000150,N,UNIMED BAURU,,,,,,,,,24
023,U,,,344397,01/01/2002,,1,RUA PROF VENINA CORREIRA TORRES,CENTRO,26220100,3303500, 230,SALA 101/110,(21)7670263,NULL,NULL,UNIMED NOVA IGUACU COOP TRAB MED LTDA,N,N,078,0,0,28714533000154,N,UN NOVA IGUACU,,,,,,,,,25
024,U,,,304883,13/07/1971,,1,RUA MAJOR LEONIDAS CARDOSO 43,CENTRO,18600140,3507506,43,NULL,(149)8222209,NULL,NULL,UNIMED BOTUCATU COOP TRAB MEDICO LTDA,N,N,078,0,0,45425899000122,N,UNIMED BOTUCATU,,,,,,,,,26
025,U,,,360449,31/08/1971,,1,RUA DOM JAIME CAMARA ,CENTRO,88015120,4205407,94,NULL,(48)32168000,NULL,NULL,UNIMED FLORIANOPOLIS COOP TRAB MED LTDA,N,N,078,0,0,77858611000108,N,UNIM FLORIANOPOLIS,,,,,,,,,27
026,U,,,334561,20/09/1971,,1,RUA DAS MISSOES ,PONTA AGUDA,89051000,4202404,455, CP 970,(47)33318500,NULL,NULL,UNIMED BLUMENAU A,N,N,078,0,0,82624776000147,N,UNIMED BLUMENAU,,,,,,,,,28
027,U,,,321273,28/09/1971,,1,RUA ORESTES GUIMARAES ,CENTRO,89204060,4209102,905,NULL,(47)4331844,NULL,NULL,UNIMED JOINVILLE COOP TRAB MED LTDA,N,N,078,0,0,82602327000106,N,UNIME JOINVILLE,,,,,,,,,29
028,U,,,357022,05/10/1971,,1,RUA EMILIO GRANDO ,CENTRO,99700000,4307005,135,NULL,(54)5221590,NULL,NULL,UNIMED ERECHIM COOP TRAB MED LTDA,N,N,078,0,0,87638334000173,N,UNIMED ERECHIM,,,,,,,,,30
029,U,,,306398,01/01/2001,,1,AVENIDA PIRAI ,SAO CRISTOVAO,95913148,4311403,155,NULL,(51)7145033,NULL,NULL,UNIMED VALE TAQUARI E RIO PARDO,N,N,078,0,0,87300448000109,N,UNIMED TAQUARI,,,,,,,,,31
030,U,,,335100,18/10/1971,,1,AV BADY BASSIT ,VILA IMPERIAL,15015700,3549805,3877,NULL,(17)2322559,NULL,NULL,UNIMED SAO JOSE RIO PRETO COOP TRAB MED,N,N,078,0,0,45100138000109,N,UNIMED SJR PRETO,,,,,,,,,32
031,U,,,357260,01/01/1995,,1,RUA SIQUEIRA COUTO ,CENTRO,98700000,4310207,93,5O ANDAR,(55)3322681,NULL,NULL,UNIMED IJUI COOP TRAB MEDICO LTDA,N,N,078,0,0,87647756000105,N,UNIMED IJUI/RS,,,,,,,,,33
032,U,,,304701,06/08/1971,,1,RUA ITUPAVA,CENTRO,80040000,4106902, 737,NULL,(41)2649933,NULL,NULL,UNIMED CURITIBA COOP TRAB MEDICO LTDA,N,N,078,0,0,75055772000120,N,UNIMED CURITIBA,,,,,,,,,34
033,U,,,321044,16/12/1971,,1,RUA MARECHAL DEODORO ,CENTRO,58040140,2507507,420,NULL,(83)2412744,NULL,NULL,UNIMED JOAO PESSOA COOP TRAB MED LTDA,N,N,078,0,0,08680639000177,N,UNIMED J PESSOA,,,,,,,,,35
034,U,,,344885,24/07/1971,,1,AV LINS PETIT ,ILHA DO LEITE,50070230,2611606,140,NULL,(81)34138000,NULL,NULL,UNIMED RECIFE COOP DE TRABALHO MEDICO,N,N,078,0,0,11214624000128,N,UNIMED RECIFE,,,,,,,,,36
035,U,,,367397,01/01/2001,,1,RUA GOIAS ,JARDIM DOS ESTADOS,79020101,5002704,695,NULL,(83)3413597,NULL,NULL,UNIMED CAMPINA GRANDE COOP TRAB MED LTDA,N,N,078,0,0,08707473000135,N,UNIMED CAMPINA GDE,,,,,,,,,37
036,U,,,311618,01/01/1997,,1,RUA ANTONIO MANOEL ,CENTRO,98801690,4317509,571,NULL,(55)3124802,NULL,NULL,UNIMED MISSOES COOP TRAB MED LTDA,N,N,078,0,0,87701249000102,N,UNIMED MISSOES,,,,,,,,,38
037,U,,,393321,08/12/1971,,1,AV ARMANDO LOMBARDI ,BARRA DA TIJUCA,22640000,3304557,400,LOJA 101 A 104,(21)5096644,NULL,NULL,UNIMED RIO COOP TRAB MEDICO DO RJ LTDA,N,N,341,310,042759,42163881000101,N,UNIMED RIO,,,,,,,,,39
038,U,,,323993,28/02/1972,,1,RUA D PEDRO I ,CENTRO,25610020,3303906,465,NULL,(24)22461152,NULL,NULL,UNIMED PETROPOLIS COOP TRAB MED LTDA,N,N,078,0,0,28806545000109,N,UNIMED PETROPOLIS,,,,,,,,,40
040,U,,,363286,01/01/2001,,1,RUA CORONEL AUGUSTO MONTEIRO ,CENTRO,12020160,3554102,595,NULL,(12)2250724,NULL,NULL,UNIMED TAUBATE COOP TRAB MEDICO LTDA,N,N,078,0,0,45171402000197,N,UNIMED TAUBATE,,,,,,,,,41
041,U,,,325571,14/11/1972,,1,RUA MOREIRA CESAR ,CENTRO,95034000,4305108,2400,NULL,(54)2236633,NULL,NULL,UNIMED NORDESTE COOP TRAB MED LTDA,N,N,078,0,0,87827689000100,N,UNIMED NORDESTE,,,,,,,,,42
042,U,,,319384,01/01/2001,,1,RUA URUGUAI 2001 BLOCO B,CENTRO,99010112,4314100,2001,NULL,(54)3113066,NULL,NULL,UNIMED PLANALTO MEDIO COOP TRAB MED LTDA,N,N,078,0,0,87607149000111,N,UNIMED PLAN MEDIO,,,,,,,,,43
044,U,,,315796,10/11/1971,,1,AV CEL JOSE SOARES MARCONDES ,CENTRO,19050230,3541406,3355,NULL,(182)218311,NULL,NULL,UNIMED PRESIDENTE PRUDENTE COOP TRA MEDI,N,N,078,0,0,44863959000126,N,U PRES PRUDENTE,,,,,,,,,44
047,U,,,313211,05/09/1972,,1,RUA OSVALDO ARANHA ,CENTRO,95780000,4312401,1315,NULL,(51)6322344,NULL,NULL,UNIMED VALE DO CAI/ RS  COOP DE ASSISTENCIA A SAUDE LTDA,N,N,078,0,0,87306361000149,N,UNIMED VALE DO CAI,,,,,,,,,45
048,U,,,352501,23/12/1971,,1,AV VENANCIO AIRES ,BONFIM,90040192,4314902,1040,NULL,(51)3311162,NULL,NULL,UNIMED PORTO ALEGRE COOP TRAB MED LTDA,N,N,078,0,0,87096616000196,N,UNIMED PORTOALEGRE,,,,,,,,,46
049,U,,,306886,08/01/1973,,1,RUA ESPIRITO SANTO ,CENTRO,36016200,3136702,1115 ,8 ANDAR,(32)32495970,NULL,NULL,UNIMED JUIZ DE FORA COOP TRAB MED LTDA,N,N,078,0,0,17689407000170,N,UNIMED JUIZ DE FORA,,,,,,,,,47
050,U,,,344729,15/01/1973,,1,PRACA GETULIO VARGAS ,CENTRO,37002035,3170701,147,NULL,(35)32221600,NULL,NULL,UNIMED VARGINHA COOP TRAB MEDICO LTDA,N,N,078,0,0,17845504000105,N,UNIMED VARGINHA,,,,,,,,,48
051,U,,,312851,12/05/1973,,1,R GOIAS ,JARDIM DOS ESTADOS,79020101,5002704,695,NULL,(67)3835499,NULL,NULL,UNIMED CAMPO GRANDE MS COOP TRAB MEDICO,N,N,078,0,0,03315918000118,N,UNIMED C GRANDE,,,,,,,,,49
052,U,,,330264,30/01/1970,,1,RUA SAO SEBASTIAO,CENTRO,27345480,3300407, 220,NULL,(24)3220543,NULL,NULL,UNIMED BARRA MANSA COOP TRAB MEDICO LTDA,N,N,078,0,0,29290152000158,N,UNIMED BARRA MANSA,,,,,,,,,50
053,U,,,0,01/01/1997,,1,RUA SALDANHA MARINHO,CENTRO,96508000,4303004,562,NULL,(51)7223310,NULL,NULL,UNIMED CACHOEIRA DO SUL COOP TRAB MED LT,N,N,078,0,0,87535555000116,N,UNIMED CACHOEI SUL,,,,,,,,,51
054,U,,,335479,01/01/2001,,1,RUA PRESIDENTE DE MORAES ,VILA NOVA,28630010,3303401,60,NULL,(245)226621,NULL,NULL,UNIMED NOVA FRIBURGO COOP TRAB MED LTDA,N,N,078,0,0,29135795000127,N,UNIMED NOVA FRIBUR,,,,,,,,,52
055,U,,,356417,01/01/2001,,1,AV NACOES UNIDAS ,RIO BRANCO,93510130,4313409,2333,NULL,(51)5944599,NULL,NULL,UNIMED NOVO HAMBURGO COOP TRAB MED LTDA,N,N,078,0,0,88258884000120,N,UNIMED N HAMBURGO,,,,,,,,,53
056,U,,,342084,20/10/1975,,1,R BARAO DE MELGACO ,SALA 607 CENTRO SUL,78020800,5103403,2713 ,WORK TOWER 6OAND,(65)6245443,NULL,NULL,UNIMED CUIABA,N,N,078,0,0,03533726000188,N,UNIMED CUIABA,,,,,,,,,54
057,U,,,342343,14/03/1976,,1,AV NOSSA SENHORA DO BOM SUCESSO ,CENTRO,12420010,3538006,906,NULL,(12)36444400,NULL,NULL,UNIMED PINDAMONHAGABA COOP TRAB MED LTDA,N,N,078,0,0,47565155000139,N,U PINDAMONHANGABA,,,,,,,,,55
058,U,,,369292,10/11/1976,,1,AVENIDA BRASIL ,CENTRO,13465000,3501608,555,NULL,(194)622526,NULL,NULL,UNIMED SANTA BARBARA D'OESTE E AMERICANA,N,N,078,0,0,48628366000217,N,UNIMED S B OESTE A,,,,,,,,,56
060,U,,,0,10/04/1977,,1,RUA JOSE MONTAURY ,CENTRO,92500000,4309308,305,NULL,(51)4802753,unimed@zaz.com.br,NULL,UNIMED CENTRO SUL COOP TRAB MED LTDA,N,N,078,0,0,89379960000118,N,UNIMED CENTRO SUL,,,,,,,,,57
061,U,,,362832,01/01/2001,,1,RUA GENERAL CAMARA ,CENTRO,99025980,4314100,589,NULL,(55)3222337,NULL,NULL,UNIMED CRUZ ALTA COOP TRAB MED LTDA,N,N,078,0,0,89100135000132,N,UNIMED CRUZ ALTA,,,,,,,,,58
062,U,,,335592,15/10/1977,,1,RUA MIPIBU ,CENTRO,59020250,2408102,511,NULL,(84)2116060,NULL,NULL,UNIMED NATAL COOP TRAB MEDICO LTDA,N,N,078,0,0,08380701000105,N,UNIMED NATAL,,,,,,,,,59
063,U,,,317144,09/01/1978,,1,AV SANTOS DUMONT ,CENTRO,60150160,2304400,949,NULL,(85)2311616,NULL,NULL,UNIMED FORTALEZA SOCIEDADE COOPERATIVA MÉDICA LTDA,N,N,078,0,0,05868278000107,N,UNIMED FORTALEZA,,,,,,,,,60
064,U,,,382876,21/02/1978,,1,PCA GILSON ALVES DE SOUZA ,SETOR BUENO,74210250,5208707,650 ,T 7 C/T 1,(62)2168288,NULL,NULL,UNIMED GOIANIA COOPERATIVA DE TRAB MEDIC,N,N,078,0,0,02476067000122,N,UNIMED GOIANIA,,,,,,,,,61
065,U,,,327689,28/02/1978,,1,AV CARNEIRO DA CUNHA ,TORRE,58040240,2507507,55,NULL,(83)2412500,NULL,NULL,UNIMED ESTADOS NORTE NORDESTE MACEIO,N,N,078,0,0,12442737000143,N,UNIMED ESTADOS N N MACEIO,,,,,,,,,62
066,U,,,353574,26/03/1978,,1,SHC SUL BLOCO B ,ASA ASUL,70381520,5300108,515,LOJA 67,(61)30389421,NULL,NULL,UNIMED BRASILIA,N,N,078,0,0,00510909000190,N,UNIMED BRASILIA,,,,,,,,,63
067,U,,,0,30/05/1978,,1,RUA ALAMEDA JAU ,JARDIM PAULISTA,14200001,3550308,1177,NULL,(11)34449000,NULL,NULL,UNIMED FED METROP SAO PAULO INTRAFED,N,N,078,0,0,50617513000114,N,UNIMED SAO PAULO,,,,,,,,,64
069,U,,,349712,01/01/2001,,1,RUA SANTOS DUMONT ,CENTRO,84100360,4119905,1036,NULL,(422)251355,NULL,NULL,UNIMED PONTA GROSSA COOP TRAB MED LTDA,N,N,078,0,0,77781706000162,N,UNIMED PONTA GROSS,,,,,,,,,65
071,U,,,362620,02/10/1978,,1,RUA PRESIDENTE GETULIO VARGAS ,CENTRO,36240000,3160702,378,NULL,(32)2513145,NULL,NULL,UNIMED SANTOS DUMONT SOCIEDADE COOP DE SERVICOS MEDICOS,N,N,078,0,0,19775840000154,N,UNIMED SANTOS DUMONT,,,,,,,,,66
072,U,,,369411,12/10/1978,,1,RUA RIO DE JANEIRO ,CENTRO,16015150,3502804,357,CAIXA POSTAL 381,(186)238306,NULL,NULL,UNIMED ARACATUBA COOP TRAB MED LTDA,N,N,078,0,0,51093193000103,N,UNIMED ARACATUBA,,,,,,,,,67
073,U,,,304123,01/01/2001,,1,RUA PARA ,CENTRO,18705030,3504503,1014,NULL,(147)220625,NULL,NULL,UNIMED AVARE COOP TRAB MED LTDA,N,N,078,0,0,50368034000101,N,UNIMED AVARE,,,,,,,,,68
074,U,,,311375,18/12/1978,,1,RUA ALMIRANTE BARROSO ,CENTRO,96010280,4314407,2309,NULL,(532)291200,NULL,NULL,UNIMED PELOTAS / RS COOPERATIVA DE ASSISTENCIA A SAUDE LTDA,N,N,078,0,0,89870547000151,N,UNIMED PELOTAS/RS,,,,,,,,,69
075,U,,,342386,01/01/2003,,1,AVENIDA ANTONIO TRAJANO ,CENTRO,79601002,5008305,1110,NULL,(67)35214614,NULL,NULL,UNIMED TRES LAGOAS,N,N,078,0,0,03980208000102,N,UNIMED TRES LAGOAS,,,,,,,,,70
076,U,,,322571,01/01/2001,,1,RUA CAPITAO ROCHA ,CENTRO,85010270,4109401,1273,NULL,(34)03664188,NULL,NULL,UNIMED GUARAPUAVA COOPERATIVA DE TRABALH,N,N,078,0,0,78044815000160,N,UNIMED G C TRABALH,,,,,,,,,71
077,U,,,312592,10/01/1978,,1,RUA DEZ DE MAIO ,CENTRO,28300000,3302205,254,NULL,(24)8244849,NULL,NULL,UNIMED NORTE FLUMINENSE ITAPERUNA,N,N,078,0,0,30417661000188,N,UNIMED N FLUNINENS,,,,,,,,,72
078,U,,,333662,30/07/1979,,1,RUA HAYEL BON FAKER ,JARDIM CARAMURU,79806000,5003702,3223,NULL,(67)34163500,NULL,NULL,UNIMED DOURADOS,N,N,078,0,0,15395999000192,N,UNIMED DOURADOS,,,,,,,,,73
079,U,,,311961,05/08/1979,,1,AV. PROFESSOR NILTON LINS,FLORES,69058030,1302603,3259,"BLOCO A, 1. SALA 109",(92)36219000,NULL,NULL,UNIMED MANAUS,N,N,078,0,0,04612990000170,N,UNIMED MANAUS,,,,,,,,,74
080,U,,,357391,27/08/1979,,1,AV SESAR HILAL ,BENTO FERREIRA,29010901,3205309,700 ,3O ANDAR,(27)2003555,NULL,NULL,UNIMED VITORIA COOP TRAB MED LTDA,N,N,078,0,0,27578434000120,N,UNIMED VITORIA,,,,,,,,,75
081,U,,,361615,01/01/2001,,1,RUA JOAO EUGENIO ,CENTRO HISTORICO,83203400,4118204,677,NULL,(41)34207000,NULL,NULL,UNIMED PARANAGUA COOP TRAB MED LTDA,N,N,078,0,0,75003525000180,N,UNIME PARANAGUA,,,,,,,,,76
082,U,,,359289,19/05/1980,,1,RUA TERESOPOLIS ,VENEZA I,35164259,3131307,160,NULL,(31)21362287,NULL,NULL,UNIMED VALE DO ACO COOP DE TRAB MEDICO,N,N,078,0,0,16991945000152,N,UNIMED VALE DO ACO,,,,,,,,,77
084,U,,,351776,29/06/1980,,1,RUA TAMEKICHI TAKANO ,CENTRO,11900000,3542602,11,NULL,(13)68215144,NULL,NULL,UNIMED REGISTRO COOP TRAB MED LTDA,N,N,078,0,0,45467404000128,N,UNIMED REGISTRO,,,,,,,,,78
085,U,,,345709,10/07/1980,,1,RUA BIA FORTES ,CENTRO,36400000,3118304,216,NULL,(31)7613948,NULL,NULL,UNIMED CONSELHEIRO LAFAIETE COOP TRAB ME,N,N,078,0,0,21839519000138,N,UNIMED C LAFAIETE,,,,,,,,,79
086,U,,,336467,01/01/2001,,1,RUA VITAL DE NEGREIROS ,BRASILIA,58700330,2510808,200,NULL,(83)4214111,NULL,NULL,UNIMED PATOS COOP TRAB MED LTDA,N,N,078,0,0,08315806000180,N,UNIMED PATOS,,,,,,,,,80
087,U,,,301311,28/04/1982,,1,RUA AYMORES ,RIO VERMELHO,41940080,2927408,27,NULL,(71)2407233,NULL,NULL,UNIMED SALVADOR COOP TRAB M LTDA,N,N,078,0,0,13130299000140,N,UNIMED SALVADO C T M LTDA,,,,,,,,,81
088,U,,,303976,28/04/1981,,1,TRAVESSA CURUZU ,CENTRO,66093540,1501402,2212,NULL,(91)40095000,NULL,NULL,UNIMED BELEM COOP TRAB MEDICO,N,N,078,0,0,04201372000137,N,UNIMED BELEM,,,,,,,,,82
089,U,,,389421,15/12/1980,,1,AVENIDA RIO BRANCO ,CENTRO,59621400,2408003,1952,NULL,(84)3215987,NULL,NULL,UNIMED MOSSORO COOP TRAB MED LTDA,N,N,078,0,0,08566440000112,N,UNIME MOSSORO,,,,,,,,,83
090,U,,,385620,01/01/2001,,1,AVENIDA BERNARDINO DE CAMPOS ,CENTRO,12600000,3527207,217,NULL,(12)5532388,NULL,NULL,UNIMED LORENA COOP TRAB MEDICO LTDA,N,N,078,0,0,48717516000188,N,UNIMED LORENA,,,,,,,,,84
091,U,,,334154,01/01/1901,,1,RUA CORONEL JOAO DIAS GUIMARAES ,CENTRO,12280000,3508504,435,CENTRO,(12)36548600,NULL,NULL,UNIMED CACAPAVA COOP TRAB MEDICO LTDA,N,N,078,0,0,48721401000167,N,UNIMED CACAPAVA,,,,,,,,,85
092,U,,,311847,04/11/1981,,1,AV MOGI MIRIM ,JARDIM GUACU MIRIM,13844115,3530706,2679,NULL,(19)38319700,NULL,NULL,UNIMED REGIONAL BAIXA MOGIANA,N,N,078,0,0,49210966000142,N,UNIMED REGIONAL B MOGIANA,,,,,,,,,86
093,U,,,301574,01/01/2001,,1,RUA SANTA TEREZINHA ,CENTRO,13480090,3526902,5,NULL,(19)34048008,NULL,NULL,UNIMED LIMEIRA COOP TRAB MED LTDA,N,N,078,0,0,50480953000172,N,UNIMED LIMEIRA,,,,,,,,,87
094,U,,,311294,01/01/2001,,1,RUA JOAQUIM DE AZEVEDO ,CENTRO,19900000,3534708,628,NULL,(143)222612,NULL,NULL,UNIMED OURINHOS COOP TRAB MED LTDA,N,N,078,0,0,51427540000197,N,UNIMED OURINHOS,,,,,,,,,88
095,U,,,338559,10/10/1982,,1,AV CARNEIRO DA CUNHA ,TORRE,58040240,2111300,55,NULL,(98)21066332,NULL,NULL,COOPERATIVA DE TRAB  DE SAO LUIZ LTDA,N,N,078,0,0,07142821000101,N,UNIMED SAO LUIZ,,,,,,,,,89
097,U,,,371254,05/08/1982,,1,AV. BENTO MUNHOZ DA ROCHA NETTO ,CENTRO,87030010,4115200,750,NULL,(44)2227716,NULL,NULL,UNIMED MARINGA COOP TRAB MED LTDA,N,N,078,0,0,76767219000182,N,UNIMED MARINGA,,,,,,,,,90
098,U,,,352543,08/04/1983,,1,RUA CEARA ,CENTRO,65901610,2105302,701,NULL,(99)35253398,NULL,NULL,UNIMED IMPERATRIZ,N,N,078,0,0,07057185000110,N,UNIMED IMPERATRIZ,,,,,,,,,91
099,U,,,353353,10/03/1983,,1,RUA SAO JOAO ,CENTRO,64001360,2211001,1262 ,NULL,(86)21078000,NULL,NULL,UNIMED TERESINA,N,N,078,0,0,07241136000132,N,UNIMED TERESINA,,,,,,,,,92
101,U,,,357065,18/05/1983,,1,RUA PAULINO VIEIRA ,CENTRO,45600000,2914802,265,NULL,(73)2122173,NULL,NULL,UNIMED REGIAO SUL DA BAHIA COOP TRAB MED,N,N,078,0,0,13245683000199,N,UNIMED REG S BAHIA,,,,,,,,,93
102,U,,,305227,01/07/1983,,1,RUA MINAS GERAIS ,CENTRO,85884000,4115804,2376,NULL,(45)2641496,NULL,NULL,UNIMED OESTE DO PARANA COOP TRAB MED LTD,N,N,078,0,0,78420783000150,N,UN DO OESTE PARANA,,,,,,,,,94
103,U,,,322261,12/07/1983,,1,RUA BARAO DO RIO BRANCO ,CENTRO,44010000,2910800,822,NULL,(75)2644,NULL,NULL,UNIMED FEIRA DE SANTANA COOP TRAB MEDICO,N,N,078,0,0,13342878000157,N,UNIM FEIRA SANTANA,,,,,,,,,95
104,U,,,328073,01/01/2001,,1,RUA MATO GROSSO ,CENTRO,15500000,3557105,910,NULL,(174)2144441,NULL,NULL,UNIMED VOTUPORANGA COOP TRAB MED LTDA,N,N,078,0,0,53807475000150,N,UNIMED VOTUPORANGA,,,,,,,,,96
105,U,,,326089,01/01/2001,,1,AVENIDA AFONSO CAFARO ,CENTRO,15600000,3515509,1850,NULL,(174)426000,NULL,NULL,UNIMED FERNANDOPOLIS COOP TRAB MED LTDA,N,N,078,0,0,53535654000186,N,UNIMED FERNANDOPOL,,,,,,,,,97
106,U,,,337374,09/12/1983,,1, AV. CARLOS GOMES,CENTRO,78900030,1100205,1259,NULL,(69)32172002,NULL,NULL,UNIMED RONDONIA,N,N,078,0,0,05657234000120,N,UNIMED RONDONIA,,,,,,,,,98
107,U,,,356123,01/01/2001,,1,RUA SANTA CLARA,SALESIANOS,63050210,2307304, 78,NULL,(85)5114482,NULL,NULL,UNIMED CARIRI COOP TRAB MED LTDA,N,N,078,0,0,07583396000196,N,UNIMED CARIRI,,,,,,,,,99
108,U,,,337668,17/01/1984,,1,RUA SOCORRO ,SAO JOSE,49015300,2800308,100,NULL,(79)2118787,NULL,NULL,UNIMED ARACAJU COOP TRAB MED LTDA,N,N,078,0,0,13360276000122,N,UNIMED ARACAJU,,,,,,,,,100
109,U,,,313149,01/01/2003,,1,RUA MAJOR ANTONIO CANDIDO ,CENTRO,14300000,3505906,45,NULL,(16)7611238,NULL,NULL,UNIMED BATATAIS COOP TRAB MED LTDA,N,N,078,0,0,52657079000121,N,UNIMED BATATAIS,,,,,,,,,101
111,U,,,358088,01/01/2001,,1,RUA CEL ERNESTO DE OLIVIERA,CENTRO,13870000,3549102,735,NULL,(196)232888,NULL,NULL,UNIMED LESTE PAULISTA COOPERATIVA DE TRA,N,N,078,0,0,53678264000165,N,UNIMED LESTE P C DE TRA,,,,,,,,,102
112,U,,,303178,01/01/2001,,1,AV DOM JOSE TUBINAMBA DA FROTA ,CENTRO,62010290,2312908,1581,NULL,(88)6773004,NULL,NULL,UNIMED SOBRAL COOP TRAB MED LTDA,N,N,078,0,0,07649106000160,N,UNIMED SOBRAL,,,,,,,,,103
113,U,,,321036,01/01/2001,,1,RUA FELIX GASPAR ,CENTRO,45200000,2918001,7, 1O ANDAR,(73)5254982,NULL,NULL,UNIMED JEQUIE COOP TRAB MED LTDA,N,N,078,0,0,13246905000198,N,UNIMED JEQUIE,,,,,,,,,104
114,U,,,324566,08/11/1984,,1,RUA DOUTOR PEDRO LUDOVICO,CENTRO,75701030,5205109,180,NULL,(64)4112020,NULL,NULL,UNIMED CATALAO,N,N,078,0,0,01193663000132,N,UNIMED CATALAO,,,,,,,,,105
115,U,,,300713,28/02/1985,,1,AV RUI BARBOSA ,CENTRO,19814000,3504008,1066,NULL,(18)3243020,NULL,NULL,UNIMED ASSIS COOP TRAB MED LTDA,N,N,078,0,0,54991211000162,N,UNIMED ASSIS,,,,,,,,,106
116,U,,,371106,14/11/1984,,1,RUA SANTOS DUMONT ,CENTRO,85900010,4127700,2705,NULL,(45)2771212,NULL,NULL,UNIMED COSTA OESTE COOPERAT DE TRABALHO,N,N,078,0,0,78931391000155,N,UNIMED TOLEDO,,,,,,,,,107
117,U,,,366064,11/05/1989,,1,RUA DOS EXPEDICIONARIOS ,CENTRO,86400000,4111803,337,NULL,NULL,NULL,NULL,UNIMED NORTE PIONEIRO COOP TRAB MED LTDA,N,N,078,0,0,78953023000108,N,UNI NORTE PIONEIRO,,,,,,,,,108
118,U,,,319597,23/05/1985,,1,R SETE DE SETEMBRO ,CENTRO,79200000,5001102,1259,NULL,(67)32410200,NULL,NULL,UNIMED AQUIDAUANA COOP DE TRAB MEDICO LT,N,N,078,0,0,01244987000152,N,UNIM AQUIDAUANA,,,,,,,,,109
119,U,,,366811,30/06/1985,,1,ROD JUSCELINO KUBTSCHECK ,MARCO O,68903000,1600303,0,KM 0 S/N,(96)2414343,NULL,NULL,UNIMED MACAPA,N,N,078,0,0,10225225000108,N,UNIMED MACAPA,,,,,,,,,110
120,U,,,348082,17/09/1985,,1,PRACA MARTINICO PRADO ,CENTRO,13600680,3503307,71,NULL,(195)417233,NULL,NULL,UNIMED ANHANGUERA COOPERATIVA DE TRABALHO MÉDICO,N,N,078,0,0,54012406000113,N,UNIMED ANHANGUERA,,,,,,,,,111
122,U,,,354325,29/10/1984,,1,AV CORONEL TEODOLINO PEREIRA ARAUJO ,CENTRO,38440000,3103504,801,NULL,(34)2410814,NULL,NULL,UNIMED ARAGUARI,N,N,078,0,0,20909271000171,N,UNIMED ARAGUARI,,,,,,,,,112
125,U,,,323357,06/06/1979,,1,RUA JULIA KUBITSCHECK ,CENTRO,28905000,3300704,35 ,LOJA 01,(24)6453232,NULL,NULL,UNIMED CABO FRIO COOP TRAB MED LTDA,N,N,078,0,0,27626696000112,N,UNIMED CABO FRIO,,,,,,,,,113
126,U,,,360414,25/08/1984,,1,RUA GETULIO VARGAS,CENTRO,28470000,3304706,473,NULL,NULL,NULL,NULL,UNIMED NOROESTE FLUMINENSE,N,N,078,0,0,28974020000182,N,UNIMED NOROEST FLUMINENSE,,,,,,,,,114
127,U,,,303267,01/01/2001,,1,AV D MANOELA LACERDA DE VERGUEIRO 25,ANHANGABAU ,13208057,3525904,25,NULL,(11)73931000,NULL,NULL,UNIMED JUNDIAI COOP TRAB MED LTDA,N,N,078,0,0,56727134000163,N,UNIMED JUNDIAI,,,,,,,,,115
128,U,,,365530,02/09/1986,,1,RUA PIRATININS ,CENTRO,17600100,3555000,110,NULL,(14)34044100,NULL,NULL,UNIMED TUPA,N,N,078,0,0,56762172000157,N,UNIMED TUPA,,,,,,,,,116
130,U,,,324159,01/01/2001,,1,AV DEZ ,CENTRO,14620000,3534302,685,CENTRO,(16)8261466,NULL,NULL,UNIMED ORLANDIA COOP TRAB MED LTDA,N,N,078,0,0,57214900000159,N,UNIMED ORLANDIA,,,,,,,,,117
132,U,,,353027,29/01/1987,,1,RUA GENERAL CARNEIRO ,CENTRO,18200000,3522307,207,NULL,(152)724952,NULL,NULL,UNIMED ITAPETININGA COOP TRAB MED LTDA,N,N,078,0,0,57149775000140,N,UNI ITAPETININGA,,,,,,,,,118
133,U,,,407330,01/01/2001,,1,R BARAO DO COTEGIPE ,CENTRO,48970000,2930105,6,NULL,(74)84139930,NULL,NULL,UNIMED SENHOR DO BONFIM,N,N,078,0,0,16404675000136,N,U SENHOR DO BONFIM,,,,,,,,,119
134,U,,,0,31/05/1984,,1,AV NOSSA SENHORA DO CARMO ,CENTRO,32510340,3106705,332,NULL,(31)35395909,NULL,NULL,UNIMED BETIM COOPERATIVA DE TRAB MEDICO,N,N,078,0,0,21047469000156,N,UNIMED BETIM,,,,,,,,,120
135,U,,,366145,11/11/1986,,1,AV. SOL POENTE,CIDADE NOVA,68501670,1504208,2190,NULL,(94)33241567,NULL,NULL,UNIMED SUL DO PARA,N,N,078,0,0,14112023000100,N,UNIMED SUL DO PARA,,,,,,,,,121
136,U,,,304158,16/07/1985,,1,R PROF AGNELO BITENCOURT ,CENTRO,69301430,1400100,192,NULL,(95)32245115,NULL,NULL,UNIMED BOA VISTA COOP DE TRAB,N,N,078,0,0,10169852000160,N,UNIMED BOA VISTA,,,,,,,,,122
137,U,,,322831,08/05/1987,,1,AVENIDA CESARIO ALVIM ,CENTRO,37501059,3132404,382,NULL,(35)6212166,NULL,NULL,UNIMED ITAJUBA COOP TRAB MED LTDA,N,N,078,0,0,23802218000165,N,UNIMED ITAJUBA,,,,,,,,,123
138,U,,,308811,25/11/1987,,1,RUA IPIRANGA ,CENTRO,85950000,4117909,962,NULL,(44)6495303,NULL,NULL,UNIMED VALE DO PIQUIRI,N,N,078,0,0,80525652000189,N,UNIMED VALE PIQUIR,,,,,,,,,124
139,U,,,359777,19/03/1977,,1,R RIO BRANCO ,CENTRO,78700180,5103403,933,NULL,(65)4232833,NULL,NULL,UNIMED RONDONOPOLIS,N,N,078,0,0,24676884000167,N,U RONDONOPOLIS,,,,,,,,,125
140,U,,,346276,01/01/2001,,1,RUA 24 DE OUTUBRO ,CENTRO,13320000,3545209,755,NULL,(11)4836000,NULL,NULL,UNIMED SALTO COOP TRAB MED LTDA,N,N,078,0,0,58837188000107,N,UNIMED SALTO,,,,,,,,,126
141,U,,,335541,19/03/1977,,1,RUA DUQUE DE CAXIAS ,CENTRO,99260000,4304903,353,NULL,(54)3471140,NULL,NULL,UNIMED VALE DAS ANTAS RS  COOP DE ASSISTENCIA A SAÚDE LTDA,N,N,078,0,0,92128610000193,N,UNIMED VALE DAS ANTAS,,,,,,,,,127
142,U,,,328375,19/05/1988,,1,AV 24 MAIO ,CENTR0,97573450,4317103,1016,CX POSTAL 07,(55)2422325,NULL,NULL,UNIMED REG FRONTEIRA RS SOC COOP SERV ME,N,N,078,0,0,92316124000107,N,UNIMED REG FRON RS,,,,,,,,,128
144,U,,,319121,22/10/1987,,1,AV ANTONIO OLIMPIO DE MORAIS ,CENTRO,35500005,3122306,868,NULL,(37)2225240,NULL,NULL,UNIMED DIVINOPOLIS COOP TRAB MED LTDA,N,N,078,0,0,25250820000162,N,UNIMED DIVINOPOLIS,,,,,,,,,129
145,U,,,349534,08/09/1987,,1,RUA CORONEL RANDOLFO SIMOES,BOA VISTA,35700102,3167202,281,NULL,(31)32772605,NULL,NULL,UNIMED SET LAGOAS COOP TRAB MED LTDA,N,N,078,0,0,24014235000281,N,UNIMED SETE LAGOAS,,,,,,,,,130
146,U,,,337188,01/01/2002,,1,AV DR JOAO BERALDO ,CENTRO,37550000,3152501,438,NULL,(35)4221800,NULL,NULL,COOP DE TRABALHO MEDICO DE POUSO ALEGRE,N,N,078,0,0,21490586000190,N,UNIMED SUL MINEIRA,,,,,,,,,131
147,U,,,358282,06/07/1988,,1,RUA PARAIBA ,CENTRO,86300000,4106407,321,NULL,NULL,NULL,NULL,UNIMED CORNELIO PROCOPIO,N,N,078,0,0,80297161000128,N,UNI CORNELIO PROCO,,,,,,,,,132
150,U,,,320862,11/08/1988,,1,RUA ANTONIO FELIPE ,CENTRO,87704030,4118402,1400,NULL,(44)4233343,NULL,NULL,UNIMED PARANAVAI COOP TRABALHO MEDICO,N,N,078,0,0,81076069000109,N,UNIMED P COOP TRAB MEDICO,,,,,,,,,133
152,U,,,323926,29/04/1988,,1,AVENIDA HERMILIO ALVES ,CENTRO,36307328,3162500,210,NULL,(32)3717711,NULL,NULL,UNIMED SAO JOAO DEL REI PRESTADOR                                     ,N,N,078,0,0,25329079000120,N,U SAO JOAO DEL REI,,,,,,,,,134
155,U,,,304395,26/02/1986,,1,PRACA BARAO DE SARAMENHA ,SARAMENHA,35400000,3146107,01,NULL,(31)5515219,NULL,NULL,UNIMED INCONFIDENTES COOPERATIVA DE TRABALHO MEDICO                  ,N,N,078,0,0,22720791000167,N,UNIMED INCONFIDENTES,,,,,,,,,135
156,U,,,370088,01/01/2002,,1,AV ANTONIIO JUNQUEIRA DE SOUZA ,CENTRO,37470000,3163706,476,NULL,(35)36958529,NULL,NULL,UNIMED SAO LOURENCO COOP TRAB MED LTDA,N,N,078,0,0,25471574000179,N,UNIMED S LOURENCO,,,,,,,,,136
157,U,,,362573,17/08/1988,,1,"RUA NOSSA SENHORA DA SAUDE,",CENTRO,36500000,3169901,118,NULL,(32)35393600,NULL,NULL,UNIMED UBA,N,N,078,0,0,25686544000180,N,UNIMED UBA,,,,,,,,,137
158,U,,,370070,01/01/2001,,1,R BARAO DO CERRO AZUL 594 C.POSTAL ,CENTRO,85801990,4104808,4540,NULL,(45)2243787,NULL,NULL,UNIMED CASCAVEL COOP TRAB MED LTDA,N,N,078,0,0,81170003000175,N,UNIMED CASCAVEL,,,,,,,,,138
160,U,,,309087,14/02/1989,,1,RUA JULIO AUGUSTO DE ARAUJO ,CENTRO,36200000,3105608,224,NULL,(32)3317055,NULL,NULL,UNIMED BARBACENA COOP TRAB MED LTDA,N,N,078,0,0,25810946000144,N,UNIMED BARBACENA,,,,,,,,,139
161,U,,,0,16/02/1989,,1,RUA JOAO BARBOSA DA FONSECA ,CENTRO,33200000,3171204,58,NULL,(31)36211172,NULL,NULL,UNIMED PARQUE CIMENTEIRO COOP TRAB MEDIC,N,N,078,0,0,25949611000101,N,U PARQ CIMENTEIRO,,,,,,,,,140
163,U,,,350371,24/05/1989,,1,AV OTAVIO SANTOS ,RECREIO,45100000,2933307,147,NULL,(77)4245076,NULL,NULL,UNIMED SUDOESTE DA BAHIA,N,N,078,0,0,16415598000110,N,UNIMED SUDOESTE BA,,,,,,,,,141
165,U,,,331341,18/05/1989,,1,PRACA ABILIO ALVES MARQUES ,CENTRO,14700329,3506102,134,NULL,(173)421022,NULL,NULL,UNIMED BEBEDOURO COOP TRAB MED LTDA,N,N,078,0,0,60633369000163,N,UNIMED BEBEDOURO,,,,,,,,,142
166,U,,,368148,01/01/2001,,1,RUA EFIGENIA DE FREITAS SILVA ,CENTRO,36880000,3143906,110,NULL,(32)36962600,NULL,NULL,UNIMED MURIAE COOP TRAB MED LTDA,N,N,078,0,0,25971433000115,N,UNIMED MURIAE,,,,,,,,,143
167,U,,,351792,04/08/1989,,1,RUA BELARMINO DE MENDONCA ,CENTRO,85851100,4108304,162,NULL,(45)5741591,NULL,NULL,UNIMED FOZ IGUACU COOP TRAB MED LTDA,N,N,078,0,0,81697419000146,N,UNIMED FOZ IGUACU,,,,,,,,,144
170,U,,,0,10/07/1987,,1,AV JOAO COTTA SOBRINHO 627,INDUSTRIAL,39270000,3151206,627,NULL,(38)37412607,NULL,NULL,UNIMED PIRAPORA COOP TRAB MED LTDA,N,N,078,0,0,23823271000142,N,UNIMED PIRAPORA,,,,,,,,,145
171,U,,,330108,12/09/1989,,1,R JOAQUIM FELICIO ,CENTRO,35790000,3120904,116,NULL,(38)7212738,NULL,NULL,UNIMED CURVELO,N,N,078,0,0,26189530000113,N,UNIMED CURVELO,,,,,,,,,146
172,U,,,318035,27/09/1989,,1,RUA CORONEL ANTONIO COSTA ,CENTRO,37800000,3128709,306,NULL,(35)5516000,NULL,NULL,UNIMED GUAXUPE COOP TRAB MEDICO LTDA,N,N,078,0,0,26291484000169,N,UNIMED GUAXUPE,,,,,,,,,147
173,U,,,347736,27/12/1989,,1,PRACA CALOGERAS,DARIO GROSSI,35300004,3113404,30,NULL,(33)33292300,NULL,NULL,UNIMED CARATINGA COOP TRAB MED LTDA,N,N,078,0,0,26368613000170,N,UNIMED CARATINGA,,,,,,,,,148
174,U,,,340952,16/11/1989,,1,AV ADJAR DA SILVA CASE,INDIANAPOLIS,55024740,2604106,800,NULL,(81)21035068,NULL,NULL,UNIMED CARUARU COOP DE TRAB MEDICO,N,N,078,0,0,24449225000198,N,UNIMED CARUARU,,,,,,,,,149
175,U,,,305472,08/11/1989,,1,"RUA JOAO MANOEL DE SOUZA, 889",CENTRO,75526030,5211503,889,CAIXA POSTAS N 1006,(64)34322000,NULL,NULL,UNIMED REGIONAL SUL GO,N,N,078,0,0,33546979000157,N,UNIMED REGIONAL SUL GO,,,,,,,,,150
176,U,,,320706,27/12/1989,,1,AV. FRANCICO LACERDA DE AGUIAR,GILBERTO MACHADO,29303300,3201209,18,NULL,(28)21016262,NULL,NULL,UNIMED SUL CAPIXABA - COOPERATIVA DE TRABALHO MEDICO,N,N,078,0,0,32440968000125,N,UNIMED SUL CAPIXABA,,,,,,,,,151
177,U,,,353060,25/01/1990,,1,AV BRASIL ,CENTRO,38700188,3148004,966,NULL,(34)8218858,NULL,NULL,UNIMED PATOS DE MINAS COOPERATIVA DE TRABALHO MEDICO LTDA,N,N,078,0,0,38499547000156,N,UNIMED PATOS DE MINAS,,,,,,,,,152
178,U,,,312347,05/03/1990,,1,"AV FAYAD HANNA, QD B LTS 1",CIDADE JARDIM,75080410,5201108,0,NULL,(62)33111020,NULL,NULL,UNIMED ANAPOLIS,N,N,078,0,0,26629238000174,N,UNIMED ANAPOLIS,,,,,,,,,153
179,U,,,364584,28/09/1989,,1,RODOVIA TANCREDO NEVES ,JARDIM BELVEDERE,27258000,3306305,2500,NULL,(24)3482577,NULL,NULL,UNIMED VOLTA REDONDA COOP TRAB MED LTDA,N,N,078,0,0,35917970000130,N,U VOLTA REDONDA,,,,,,,,,154
180,U,,,302953,01/01/1997,,1,RUA TENENTE CORONEL AMADO ,CENTRO,27910070,3302403,301,NULL,(247)625700,NULL,NULL,UNIMED MACAE COOP TRAB MED LTDA,N,N,078,0,0,35830868000101,N,UNIMED MACAE,,,,,,,,,155
181,U,,,365777,22/08/1989,,1,R JUSSARA ,CENTRO,87501010,4128104,3691,NULL,(44)6233883,NULL,NULL,UNIMED NOROESTE DO PARANA COOP DE TRABALHO MEDICO ,N,N,078,0,0,81710865000143,N,UNIMED NOROESTE PARANA ,,,,,,,,,156
182,U,,,354627,09/11/1989,,1,RUA GRARARAPES ,CENTRO,87200000,4105508,781,NULL,(44)6292634,NULL,NULL,UNIMED CIANORTE,N,N,078,0,0,81733115000197,N,UNIMED CIANORTE,,,,,,,,,157
183,U,,,306100,24/10/1989,,1,AV JOSE CUSTODIO DE OLIVEIRA ,CENTRO,87300020,4104303,1387,NULL,(44)35252446,NULL,NULL,UNIMED REGIONAL DE CAMPO MOURAO,N,N,078,0,0,81715716000177,N,UNIMED CAMPO MOURA,,,,,,,,,158
184,U,,,325082,01/01/2001,,1,RUA PROF GUIOMAR PORTO ,CENTRO,47800000,2903201,389,CENTRO HIST,(77)8115908,NULL,NULL,UNIMED DO OESTE DA BAHIA COOP TRAB MED,N,N,078,0,0,34063123000193,N,UNIMED OESTE BAHIA,,,,,,,,,159
186,U,,,371777,01/01/1901,,1,AV AUGUSTO CALMON ,COLINA,29900060,3203205,2050,NULL,(27)21036660,NULL,NULL,UNIMED NORTE CAPIXABA COOP TRAB MED,N,N,078,0,0,35988963000120,N,UN NORTE CAPIXABA,,,,,,,,,160
188,U,,,343315,23/05/1990,,1,RUA CELSO BUENO ,CENTRO,38500000,3143104,215,NULL,(34)8421059,NULL,NULL,UNIMED MONTE CARMELO,N,N,078,0,0,64325228000134,N,UNIMED M CARMELO,,,,,,,,,161
189,U,,,315648,05/12/1987,,1,AV MELO VIANA ,GRANJARIA,36773010,3115300,078,NULL,(62)4214811,NULL,NULL,UNIMED CATAGUASES COOP TRAB MED LTDA,N,N,078,0,0,64327059000171,N,UNIMED CATAGUASES,,,,,,,,,162
190,U,,,364070,18/09/1990,,1,RUA BARAO DA ESPERANCA ,CENTRO,37190000,3169406,256,NULL,(35)32653146,NULL,NULL,UNIMED TRES PONTAS COOP TRAB MED LTDA,N,N,078,0,0,64388812000139,N,UNIMED TRES PONTAS,,,,,,,,,163
192,U,,,345598,28/09/1990,,1,AV SAUDADE ,SILVESTRE,13901000,3501905,369,NULL,(19)38077077,NULL,NULL,UNIMED AMPARO COOP DE TRAB MEDICO,N,N,078,0,0,65422339000121,N,UNIMED AMPARO,,,,,,,,,164
193,U,,,335517,28/02/1991,,1,R DR SIZENANDO DE BARROS,CENTRO,35900006,3131703,62 , 2O ANDAR,(31)38397700,NULL,NULL,UNIMED ITABIRA,N,N,078,0,0,65276354000109,N,UNIMED ITABIRA,,,,,,,,,165
196,U,,,362140,12/09/1986,,1,TRAVESSA 15 DE AGOSTO ,CENTRO,68005300,1506807,20,SALA 314,(91)5223750,NULL,NULL,UNIMED OESTE DO PARA COOP TRAB MEDICO LT,N,N,078,0,0,10219897000100,N,UNI OESTE PARANA,,,,,,,,,166
197,U,,,345776,08/01/1991,,1,PRACA AMERICO FIOROTO ,CENTRO,16200000,3506508,310,NULL,(18)36497070,NULL,NULL,UNIMED BIRIGUI COOP TRAB,N,N,078,0,0,65732836000126,N,UNIMED BIRIGUI,,,,,,,,,167
198,U,,,329339,01/01/2001,,1,RUA ESTEVAO EMILIO DE SOUZA ,PROSPERA,88815180,4204608,201,NULL,NULL,NULL,NULL,UNIMED CRICIUMA COOP TRAB MED LTDA,N,N,078,0,0,82996703000186,N,UNIMED CRICIUMA,,,,,,,,,168
200,U,,,352314,16/04/1991,,1,RUA FLORIANOPOLIS ,CARNEIRINHOS,35930018,3136207,27,CONJ 102,(31)38514888,NULL,NULL,UNIMED JOAO MONLEVADE COOP TRAB MED LTDA,N,N,078,0,0,66191263000133,N,U JOAO MONLEVADE,,,,,,,,,169
201,U,,,336106,30/08/1991,,1,RUA BOROROS,SALGADO FILHO,17502270,3529005,225,NULL,(14)34022500 ,NULL,NULL,UNIMED MARILIA COOP TRAB MED LTDA,N,N,078,0,0,66872888000160,N,UNIMED MARILIA,,,,,,,,,170
202,U,,,316881,11/06/1991,,1,RUA DR OTAVIO ESTEVES OTONI ,CENTRO,39800000,3168606,170,NULL,(33)35291100,NULL,NULL,UNIMED TEOFILO OTONI COOP TRAB MED LTDA,N,N,078,0,0,66343559000122,N,U TEOFILO OTONI,,,,,,,,,171
203,U,,,314587,01/01/1901,,1,RUA GOMES BARBOSA,CENTRO,36570000,3171303,70 ,LJ 02,(31)38914750,NULL,NULL,UNIMED SERRA DE MINAS,N,N,078,0,0,66343534000129,N,UNIMED SERRA DE MINAS,,,,,,,,,172
204,U,,,0,06/09/1991,,1,RUA OTTONI ALVES ,CENTRO,33600000,3149309,234,NULL,(31)6611205,NULL,NULL,UNIMED PEDRO LEOPOLDO COOP TRAB MED LTDA,N,N,078,0,0,66405119000152,N,U PEDRO LEOPOLDO,,,,,,,,,173
205,U,,,352683,01/01/2002,,1,R TENENTE CEL CARDOSO ,CENTRO,28035043,3301009,621,NULL,NULL,NULL,NULL,UNIMED CAMPOS,N,N,078,0,0,40294225000112,N,UNIMED CAMPOS RJ,,,,,,,,,174
206,U,,,0,17/07/1991,,1,R OTAVIO LAMARTINE ,CENTRO,59300000,2402006,891,NULL,(84)34211202,NULL,NULL,UNIMED CAICO,N,N,078,0,0,40757874000102,N,UNIMED CAICO,,,,,,,,,175
207,U,,,317012,25/07/1991,,1,AV DOM PEDRO II,CENTRO,89290000,4215802,373,NULL,(47)6334183,NULL,NULL,UNIMED PLANALTO NORTE,N,N,078,0,0,85177194000158,N,UNIMED PLANALTO N,,,,,,,,,176
208,U,,,355593,22/08/1991,,1,AV DON JOSE ANDRE COIMBRA ,MARCIANO BRANDAO,38740000,3148103,1426,NULL,(34)8312251,NULL,NULL,UNIMED PATROCINIO COOPERATIVA DE TRABALHO MEDICO LTDA,N,N,078,0,0,41687179000184,N,UNIMED PATROCINIO,,,,,,,,,177
209,U,,,347230,17/10/1991,,1,AV SOARES LOPES ,CENTRO,45650000,2916609,1196,NULL,(73)6342935,NULL,NULL,UNIMED ILHEUS,N,N,078,0,0,63202063000140,N,UNIMED ILHEUS,,,,,,,,,178
210,U,,,323268,08/08/1991,,1,RUA DO COLISEU ,CENTRO,56302390,2611101,123,NULL,(87)38617799,NULL,NULL,UNIMED VALE DO SAO FRANCISCO ,N,N,078,0,0,40853020000120,N,UNIMED VALE SAO FRANCISCO,,,,,,,,,179
213,U,,,0,06/11/1991,,1,TRAVESSA JOAO ADOLFO ,CENTRO,62800000,2301109,940,NULL,NULL,NULL,NULL,UNIMED REGIONAL DE ARACATI,N,N,078,0,0,41314246000115,N,UNIMED REGIONA DE ARACATI,,,,,,,,,180
217,U,,,316148,01/08/1987,,1,AV GENTIL MESSIAS ,VILA CRUZ,37701528,3151800,217,NULL,(35)37223300,NULL,NULL,UNIMED POCOS DE CALDAS COOP TRAB MED LTD,N,N,078,0,0,41781949000153,N,UNIMED POCOSCALDAS,,,,,,,,,181
218,U,,,0,28/11/1991,,1,RUA CINCO ,CENTRO,76300000,5205406,117,NULL,(62)33232298,NULL,NULL,UNIMED VALE DO SAO PATRICIO,N,N,078,0,0,37270626000128,N,UNIMED VALE S PATRICIO,,,,,,,,,182
219,U,,,309524,22/01/1992,,1,RUA FLORINDO CESTARI ,CENTRO,15910000,3531308,1262,NULL,(16)32421137,NULL,NULL,UNIMED MONTE ALTO,N,N,078,0,0,67577171000159,N,UNIMED MONTE ALTO,,,,,,,,,183
221,U,,,364860,01/01/2001,,1,AV MARCOLINO MARTINS CABRAL 2 ,AEROPORTO,88704201,4218707,300,NULL,NULL,NULL,NULL,UNIMED TUBARAO COOP TRAB MED LTDA,N,N,078,0,0,85241339000132,N,UNIMED TUBARAO,,,,,,,,,184
222,U,,,309907,01/03/1992,,1,104 NORTE ACNE 1 CONJ 02 LOTE 02,CENTRO,77008900,1721000,02,ED BEATRIZ 1 AN,(63)2153188,NULL,NULL,UNIMED PALMAS,N,N,078,0,0,37313475000148,N,UNIMED PALMAS,,,,,,,,,185
223,U,,,301060,20/02/1992,,1,AV 17 ,CENTRO,38300132,3134202,1196,NULL,(34)2616666,NULL,NULL,UNIMED ITUIUTABA,N,N,078,0,0,41871989000196,N,UNIMED ITUIUTABA,,,,,,,,,186
224,U,,,346209,01/01/2001,,1,PRACA CASTRO ALVES ,CENTRO,45995005,2931350,10,NULL,(73)2914550,NULL,NULL,UNIMED EXTREMO SUL COOP TRAB MED LTDA,N,N,078,0,0,42043067000153,N,UNIMED EXTREMO SUL,,,,,,,,,187
226,U,,,315494,11/03/1992,,1,RUA JOSINO VALADARES ,CENTRO,38600000,3147006,72,NULL,(38)33112100,NULL,NULL,UNIMED NOROESTE DE MINAS,N,N,078,0,0,41905498000119,N,UNIMED PARACATU,,,,,,,,,188
228,U,,,320251,29/04/1992,,1, RUA COSTA GOMES ,SETOR CENTRAL,75901050,5218805,208 ,NULL,(64)21014900,NULL,NULL,UNIMED RIO VERDE,N,N,078,0,0,37275625000176,N,UNIMED RIO VERDE,,,,,,,,,189
229,U,,,310131,30/04/1992,,1,PRACA RAIMUNDO DE ARAUJO MELO S/N,CENTRO,72800000,5212501,0,NULL,(61)36221009,unimed@unimedplanalto.com.br,NULL,UNIMED PLANALTO COOPERATIVA DE TRABALHO MEDICO,N,N,078,0,0,36862415000111,N,UNIMED PLANALTO ,,,,,,,,,190
230,U,,,383520,05/02/1992,,1,RUA TIRADENTES ,CENTRO,44571115,2928703,30 ,3O ANDAR,(75)7313785,NULL,NULL,UNI STO ANTONIO DE JESUS COOP TRAB MED,N,N,078,0,0,41972589000177,N,U STO ANT JESUS,,,,,,,,,191
231,U,,,311146,02/04/1992,,1,RUA MOISES ABRAHAO ,CENTRO,23815460,3302007,133 ,NULL,(21)36882474,NULL,NULL,UNIMED COSTA VERDE COOP TRAB MED LTDA,N,N,078,0,0,36540979000138,N,UNIMED COSTA VERDE,,,,,,,,,192
232,U,,,314781,01/01/2001,,1,AV PRESIDENTE ROOSEVELT ,CENTRO,17900000,3514403,1714,NULL,(18)8222500,NULL,NULL,UNIMED DRACENA COOP TRAB MED LTDA,N,N,078,0,0,68204486000113,N,UNIMED DRACENA,,,,,,,,,193
234,U,,,359033,10/06/1992,,1,RUA CEL ANTONIO GONCALVES PIMENTAL ,CENTRO,37410000,3169307,36,NULL,(35)32324046,NULL,NULL,UNIMED TRES CORACOES COOP TRAB MED LTDA,N,N,078,0,0,42855999000109,N,UNIMED TRES CORAC,,,,,,,,,194
235,U,,,304468,01/01/1901,,1,RUA XAVANTES 459,SETOR SUL II,78600000,5101803,459,NULL,(66)4013272,NULL,NULL,UNIMED ARAGUAIA,N,N,078,0,0,37436920000167,N,UNIMED ARAGUAIA,,,,,,,,,195
236,U,,,386588,24/07/1992,,1,RUA DOM PEDRO II,Centro,35010090,3127701,435,NULL,(33)21012953,NULL,NULL,UNIMED GOVERNADOR VALADARES,N,N,078,0,0,42892281000184,N,UNIMED G VALADARES,,,,,,,,,196
237,U,,,348261,08/06/1992,,1,RUA DR. TEIXEIRA SOARES 151,CENTRO,35570000,3126109,151,NULL,(37)33222065,NULL,NULL,UNIMED ALTO SAO FRANCISCO COOP TRAB MED,N,N,078,0,0,42889436000123,N,U ALTO S FRANCISCO,,,,,,,,,197
238,U,,,304344,15/07/1992,,1,RUA FRANCISCO SALES ,CENTRO,35660017,3147105,119,NULL,(37)2376300,NULL,NULL,UNIMED PARA DE MINAS COOPERATIVA DE TRABALHO MEDICO LTDA                                 ,N,N,078,0,0,42940528000190,N,UNIMED PARA DE MINAS,,,,,,,,,198
239,U,,,367613,15/07/1992,,1,RUA JOAO PINHEIRO ,CENTRO,37270000,3111200,342,NULL,(36)8321188,NULL,NULL,UNIMED CAMPO BELO COOP TRAB MED LTDA,N,N,078,0,0,42939207000176,N,UNIMED CAMPO BELO,,,,,,,,,199
240,U,,,354996,19/03/1977,,1,RUA PRES ARTUR BERNARDES 189,CENTRO,37130000,3101607,189,NULL,(35)36981000,NULL,NULL,UNIMED ALFENAS COOP TRAB  LTDA,N,N,078,0,0,42946061000196,N,UNIMED ALFENAS,,,,,,,,,200
241,U,,,386901,17/08/1992,,1,RUA RIBEIRO JUNQUEIRA ,CENTRO,36700000,3138401,175,NULL,(32)34414065,NULL,NULL,UNIMED LEOPOLDINA COOP TRAB MED LTDA,N,N,078,0,0,42936518000181,N,UNIMED LEOPOLDINA,,,,,,,,,201
242,U,,,303356,02/06/1992,,1,AV MARCOS KONDER ,CENTRO,88301970,4208203,1233,NULL,(4734)84400,NULL,NULL,UNIMED LITORAL,N,N,078,0,0,85377174000120,N,UNIMED LITORAL,,,,,,,,,202
243,U,,,0,01/01/2001,,1,R RUA ADVOGADO MUNIZ,CENTRO,45400000,2932903,1,NULL,(75)7413918,NULL,NULL,UNIMED VALENCA COOP TRAB MED LTDA,N,N,078,0,0,42047191000197,N,UNIMED VALENCA,,,,,,,,,203
244,U,,,323055,01/09/1992,,1,RUA CORONEL FLAUZINO BARBOSA SANDOVAL 1480,CENTRO,14500000,3524105,1480,NULL,(16)38303000,NULL,NULL,UNIMED ITUVERAVA,N,N,078,0,0,69087922000184,N,UNIMED ITUVERAVA,,,,,,,,,204
247,U,,,330566,10/11/1992,,1,RUA NICOLAU TARANTO ,BAIRRO COMERCIAL,27542020,3304201,239,NULL,(24)33551166,NULL,NULL,UNIMED RESENDE COOP TRAB MED LTDA,N,N,078,0,0,68709211000131,N,UNIMED RESENDE,,,,,,,,,205
248,U,,,320897,11/08/1992,,1,PCA OLIVEIRA FIGUEIREDO ,CENTRO,27120260,3300308,50,NULL,(24)4431313,NULL,NULL,UNIMED BARRA DO PIRAI RJ,N,N,078,0,0,39210844000100,N,UNIMED BARRA PIRAI,,,,,,,,,206
249,U,,,327352,16/12/1992,,1,RUA PIMENTA DE PADUA 1305,CENTRO,37950000,3164704,1305,NULL,(35)5312522,NULL,NULL,UNIMED SAO SEBASTIAO DO PARAISO,N,N,078,0,0,66453168000160,N,U SAO S DO PARAISO,,,,,,,,,207
250,U,,,354619,01/01/1980,,1,RUA FRANCISQUINHO DIAS ,CENTRO,13720000,3549706,583,NULL,(19)6802222,NULL,NULL,UNIMED SAO JOSE DO RIO PARDO,N,N,078,0,0,96182068000108,N,UNIMED SAO J DO RIO PARDO,,,,,,,,,208
251,U,,,0,18/11/1992,,1,RUA JACINTO DA ROCHA VIDAL ,CENTRO,76400000,5221601,18,NULL,(62)33572341,NULL,NULL,UNIMED NORTE GOIANO COOP TRAB,N,N,078,0,0,37632882000118,N,UNIMED NORTE GIOANO,,,,,,,,,209
252,U,,,345458,04/02/1993,,1,R DESEMBARGADOR ALBERTO LUZ ,CENTRO,32700196,3138203,211,NULL,(35)38210011,NULL,NULL,UNIMED LAVRAS COOPERATIVA DE TRABALHO MEDICO LTDA,N,N,078,0,0,66477217000103,N,UNIMED LAVRAS,,,,,,,,,210
253,U,,,334847,03/03/1993,,1,AV DORIVAL DE CARVALHO ,CENTRO,75800000,5211909,852,NULL,(64)36312093,NULL,NULL,UNIMED JATAI,N,N,078,0,0,37652765000116,N,UNIMED JATAI GO,,,,,,,,,211
254,U,,,371629,30/03/1993,,1,AV. GETULIO VARGAS,CENTRO,29700010,3201506,196,ED. CEDRUS ,(34)37231000,NULL,NULL,UNIMED NOROESTE CAPIXABA,N,N,078,0,0,39384664000137,N,UNIMED NOROESTE CAPIXABA,,,,,,,,,212
256,U,,,324175,22/03/1993,,1,AV DR BRENO SOARES MAIA ,BELO HORIZONTE,37900110,3147907,264,NULL,(35)35216244,NULL,NULL,UNIMED SUDOESTE DE MINAS COOP TRAB MEDIC,N,N,078,0,0,71064539000152,N,UNIMED PASSOS,,,,,,,,,213
257,U,,,356581,22/04/1993,,1,RUA ANTONIO DE MATOS ,CENTRO,35680037,3133808,146,NULL,(37)32496100,NULL,NULL,UNIMED ITAUNA COOP TRAB MED LTDA,N,N,078,0,0,71063853000110,N,UNIMED ITAUNA,,,,,,,,,214
258,U,,,313955,02/03/1993,,1,RUA ADAO ARAUJO ,PORTO NOVO,36660000,3101508,181,NULL,(32)34662233,NULL,NULL,UNIMED ALEM PARAIBA COOP TRAB MED LTDA,N,N,078,0,0,71086698000158,N,UNIM ALEM PARAIBA,,,,,,,,,215
261,U,,,0,01/01/2001,,1,RUA SEIS ,CENTRO,15700000,3524808,2338,NULL,(17)36214243,NULL,NULL,UNIMED JALES COOP TRAB MED LTDA,N,N,078,0,0,71796544000150,N,UNIMED JALES,,,,,,,,,216
262,U,,,354279,01/01/2001,,1,RUA DOM BOSCO ,CENTRO,16400505,3527108,13,NULL,(14)5224800,NULL,NULL,UNIMED DE LINS,N,N,078,0,0,71695746000105,N,UNIMED DE LINS,,,,,,,,,217
263,U,,,0,20/04/1993,,1,AVENIDA GOIAS 586,CENTRO,76200000,5210208,586,NULL,(64)36741100,NULL,NULL,UNIMED DO OESTE GOIANO COOP TRAB MEDICO                               ,N,N,078,0,0,37876414000199,N,UNIMED OESTE GOIANO,,,,,,,,,218
264,U,,,313084,06/06/1993,,1,AVENIDA TOCANTINS,SETOR ANHANGUERA,70333900,1702109,1232,NULL,(63)8143636,NULL,NULL,UNIMED ARAGUAINA,N,N,078,0,0,25064148000110,N,UNIMED ARAGUAINA,,,,,,,,,219
266,U,,,337871,16/10/1991,,1,RUA JOSE DE MELO ,BOSQUE,69908330,2507507,418,NULL,(68)21064500,NULL,NULL,UNIMED RIO BRANCO,N,N,078,0,0,84313741000112,N,UNIMED RIO BRANCO,,,,,,,,,220
267,U,,,347108,01/01/2001,,1,RUA 18 ,CENTRO ,14780060,3505500,275,NULL,NULL,NULL,NULL,UNIMED BARRETOS COOP TRAB MEDICO LTDA,N,N,078,0,0,44788172000147,N,UNIMED BARRETOS,,,,,,,,,221
268,U,,,0,01/01/2001,,1,RUA TADEU RANGEL PESTANA ,VILA ABERNESSIA,12460000,3509700,128,NULL,NULL,NULL,NULL,UNIMED CAMPOS DO JORDAO COOP TRA MEDICO,N,N,078,0,0,71925515000140,N,UNIM CAMPOS JORDAO,,,,,,,,,222
269,U,,,0,01/01/2001,,1,AV BRIGADEIRO LIMA E SILVA ,25 DE AGOSTO,25175110,3301702,1189,NULL,NULL,NULL,NULL,UNIMED DUQUE DE CAXIAS,N,N,078,0,0,72518079000158,N,UNIMED D CAXIAS,,,,,,,,,223
271,U,,,370975,01/01/2001,,1,RUA ANTONIO MARTINS DA COSTA ,CENTRO MIRASSOL DOES,78280000,5105622,990,NULL,(65)2412883,NULL,NULL,UNIMED VALE DO JAURU,N,N,078,0,0,70523899000102,N,UN VALE DO JAURU,,,,,,,,,224
272,U,,,329886,19/03/1977,,1,AV CARLOS BERCHIORI ,CENTRO,14870000,3524303,791,NULL,(16)32092433,NULL,NULL,UNIMED JABOTICABAL COOP TRAB MED LTDA,N,N,078,0,0,72783970000111,N,UNIMED JABOTICABAL,,,,,,,,,225
274,U,,,327638,01/01/1901,,1,RUA DUQUE DE CAXIAS,CENTRO,36680147,3162906,18,NULL,(32)32611516,NULL,NULL,UNIMED SAO JOAO NEPOMUCENO,N,N,078,0,0,71186886000158,N,U SAO J NEPOMUCENO,,,,,,,,,226
275,U,,,357715,23/09/1993,,1,AV ANTONIO CARLOS PANIAGO QD 03 LOTE 07,MUNDINHO,75832005,5213103,0,NULL,(64)36725600,NULL,NULL,UNIMED MINEIROS COOPERATIVA DE TRABALHO MÉDICO LTDA,N,N,078,0,0,37898335000189,N,UNIMED M C T M LTDA,,,,,,,,,227
276,U,,,363774,21/09/1993,,1,RUA ALEXANDRE FLEMING,VALE DO PARAISO,25976065,3305802,211,NULL,(21)27418181,NULL,NULL,UNIMED TERESOPOLIS COOP TRAB MED LTDA,N,N,078,0,0,39447149000159,N,UNIMED TERESOPOLIS,,,,,,,,,228
277,U,,,311715,16/06/1993,,1,RUA FEDERACAO ,CENTRO,95600000,4321204,2799,NULL,(51)5413366,NULL,NULL,UNIMED ENC DA SERRA S COOP SERV SAUDE LT,N,N,078,0,0,73936395000102,N,UNIMED E DA SERRA,,,,,,,,,229
278,U,,,0,26/10/1993,,1,RUA QUATORIZE 0 QDA 32 LT 17 NO 8,CENTRO,76550000,5218003,8,NULL,(62)33621404,NULL,NULL,UNIMED PORANGATU,N,N,078,0,0,73831158000187,N,UNIMED PORANGATU,,,,,,,,,230
279,U,,,353663,01/01/2001,,1,RUA DAS NOGUEIRAS ,CENTRO,78550000,5107909,583,NULL,(66)35117060,NULL,NULL,UNIMED NORTE MATO GROSSO,N,N,078,0,0,73967085000155,N,UNIMED NORTE MT,,,,,,,,,231
280,U,,,306665,20/10/1993,,1,RUA ARTHUR DA COSTA FILHO 83,VILA MAIA,11410080,3518701,83,NULL,(13)33874227,NULL,NULL,UNIMED DO GUARUJA,N,N,078,0,0,74244062000185,N,UNIMED GUARUJA,,,,,,,,,232
281,U,,,344788,27/06/1993,,1,R CUIABA ,CENTRO,79300060,5003207,1083,NULL,(67)32317611,NULL,NULL,UNIMED CORUMBA,N,N,078,0,0,02018620000183,N,UNIMED CORUMBA MS,,,,,,,,,233
282,U,,,317896,14/12/1993,,1,RUA MAESTRO FILOMENO DOS SANTOS,CENTRO,36900000,3139409,109,NULL,(33)33324444,NULL,NULL,UNIMED VERTENTE DO CAPARAO,N,N,078,0,0,71499792000139,N,U VERT DO CAPARAO,,,,,,,,,234
283,U,,,318388,01/01/2001,,1,R. CAPITAO JOSE VICENTE DE MORAES,ESPLANADA MENDES,18130780,3550308,97,NULL,(11)47135222,NULL,NULL,UNIMED SAO ROQUE,N,N,078,0,0,74521188000150,N,UNIMED SAO ROQUE,,,,,,,,,235
284,U,,,333051,01/01/2001,,1,RUA TABAJARA ,VILA SAO JORGE,07111120,3518800,588 ,TERREO,(11)24642000,NULL,NULL,UNIMED GUARULHOS COOP TRAB MED LTDA,N,N,078,0,0,74466137000172,N,UNIMED GUARULHOS,,,,,,,,,236
285,U,,,0,09/12/1993,,1,RUA DOUTOR CARLOS MARTINS ,CENTRO,57200000,2704302,35,NULL,(82)5513033,NULL,NULL,UNIMED PENEDO,N,N,078,0,0,70002308000151,N,UNIMED PENEDO,,,,,,,,,237
286,U,,,324345,03/01/1994,,1,R PEDRO JOAO G DE MAGALHAES ,VIVENDA COSTA AZUL,45820000,2910727,718,NULL,NULL,NULL,NULL,UNIMED COSTA DO DESCOBRIMENTO COOPERATIVA DE TRABALHO MEDICO,N,N,078,0,0,97388490000187,N,UNIMED COSTA D C T MEDICO,,,,,,,,,238
287,U,,,361941,01/01/2001,,1,RUA CORONEL A DE CAMARGO ,CENTRO,18270000,3554003,1,NULL,(15)2516776,NULL,NULL,UNIMED TATUI,N,N,078,0,0,00006037000127,N,UNIMED TATUI,,,,,,,,,239
288,U,,,323004,10/05/1994,,1,R DR RAMALHO FRANCO ,CENTRO,16300000,3537305,753,NULL,(18)6545000,NULL,NULL,UNIMED PENAPOLIS COOP TRAB MED LTDA,N,N,078,0,0,00012698000165,N,UNIMED PENAPOLIS,,,,,,,,,240
290,U,,,335215,28/04/1994,,1,RUA MAJOR FELIX MOREIRA ,CENTRO,28970000,3300209,81,NULL,NULL,NULL,NULL,UNIMED ARARUAMA COOP TRAB MEDICO LTDA,N,N,078,0,0,00111826000128,N,UNIMED ARARUAMA,,,,,,,,,241
291,U,,,300136,11/06/1994,,1,RUA AGUIDAN ,CENTRO,96200480,4315602,692,NULL,(53)2313766,NULL,NULL,UNIMED LITORAL SUL,N,N,078,0,0,00103956000119,N,UNIMED LITORAL SUL,,,,,,,,,242
293,U,,,354678,01/01/2001,,1,AV ARTHUR BERNARDES 120,CENTRO,37750000,3139003,120,NULL,(35)32950700,NULL,NULL,UNIMED MACHADO COOP TRAB MEDICO LTDA,N,N,078,0,0,86584901000193,N,UNIMED MACHADO,,,,,,,,,243
295,U,,,352861,11/11/1994,,1,AV RICARTI TEIXEIRA,JARDIM AMERICA,37795000,3102605,250,NULL,(35)37313030,NULL,NULL,UNIMED ANDRADAS COOP DE TRAB MEDICO,N,N,078,0,0,00365720000150,N,UNIMED ANDRADAS,,,,,,,,,244
296,U,,,321087,09/12/1994,,1,AVENIDA NILO PECANHA ,CENTRO,27600000,3306107,428,NULL,(24)24539750,NULL,NULL,UNIMED MARQUES DE VALENCA,N,N,078,0,0,00368318000120,N,UN MARQUES VALENC,,,,,,,,,245
297,U,,,343765,21/11/1994,,1,R ANTONIO COELHO DE GODOY ,SETOR OESTE,75690000,5204508,154,NULL,(62)4535318,NULL,NULL,UNIMED DE CALDAS NOVAS COOP TRAB MED,N,N,078,0,0,00342481000113,N,UNI CALDAS NOVAS,,,,,,,,,246
304,U,,,347507,13/04/1995,,1,AV TRANSCONTINENTAL ,CENTRO,78961410,1100122,1019,NULL,(69)34221208,NULL,NULL,UNIMED JI PARANA,N,N,078,0,0,00697509000135,N,UNIMED JI PARANA,,,,,,,,,247
305,U,,,353876,01/06/1995,,1,CAIXA POSTAL ,CENTRO,38280000,3134400,121,NULL,(34)34119000,NULL,NULL,UNIMED PONTAL DO TRIANGULO,N,N,078,0,0,00730439000170,N,U PONTAL TRIANGULO,,,,,,,,,248
310,U,,,341819,12/07/1995,,1,RUA MARECHAL FLORIANO ,CENTRO,38550000,3119302,114,NULL,(34)38411620,NULL,NULL,UNIMED ALTO PARANAIBA COOPERATIVA DE TRABALHO MEDICO LTDA             ,N,N,078,0,0,00763923000103,N,U ALTO PARANAIBA,,,,,,,,,249
311,U,,,302228,14/11/1995,,1,RUA 13 DE MAIO ,SETOR GUANABARA,75780000,5210109,13,NULL,(64)34911735,NULL,NULL,UNIMED VALE DO CORUMBA,N,N,078,0,0,00747041000146,N,UNIMED IPAMERI,,,,,,,,,250
313,U,,,0,01/01/2001,,1,PRACA RUI BARBOSA,CENTRO,48010090,3119302,143 ,NULL,(75)4225801,NULL,NULL,UNIMED ALAGOINHAS COOP TRAB MED,N,N,078,0,0,01135217000171,N,UNIMED ALAGOINHAS,,,,,,,,,251
314,U,,,312509,01/01/2001,,1,AVENIDA APOLÔNIO SALES,CENTRO,48600000,2924009,1112,NULL,NULL,NULL,NULL,UNIMED PAULO AFONSO,N,N,078,0,0,01085378000106,N,UNIMED PAULO AFONS,,,,,,,,,252
315,U,,,343722,01/01/1901,,1,RUA HUGO SAPORETTI ,GUARAPIRANGA,35430202,3152105,48,NULL,(31)38198550,NULL,NULL,UNIMED PONTE NOVA,N,N,078,0,0,01012474000116,N,UNIMED PONTE NOVA,,,,,,,,,253
316,U,,,0,27/01/1996,,1,AV BRASIL ,CENTRO,76380000,5208608,330,NULL,(62)33533377,NULL,NULL,UNIMED GOIANESIA,N,N,078,0,0,01476079000194,N,UNIMED GOIANESIA,,,,,,,,,254
317,U,,,301124,02/04/1996,,1,R ENG BERNARDO SAYAO ,CENTRO,77405150,1709500,1146,NULL,(63)33012500,NULL,NULL,UNIMED GURUPI,N,N,078,0,0,01476619000130,N,UNIMED GURUPI,,,,,,,,,255
318,U,,,350346,01/01/2001,,1,RUA CORONEL JOSE DULCE ,CENTRO,78200000,5102504,458,NULL,(65)22323570,NULL,NULL,UNIMED CACERES,N,N,078,0,0,01143922000110,N,UNIMED CACERES MT,,,,,,,,,256
320,U,,,358169,28/09/1995,,1,AVENIDA JAMARI,AREAS ESPECIAIS,78932000,1100023,3122,NULL,(69)35355900,NULL,NULL,UNIMED DE ARIQUEMES - COOPERATIVA DE TRABALHO MÉDICO,N,N,078,0,0,01148132000128,N,UNIMED ARIQUEMES,,,,,,,,,257
323,U,,,0,13/03/1996,,1,RUA EDMUNDO PENA ,CENTRO,35960000,3157203,260,CAIXA POSTAL 31,(662)1801,NULL,NULL,UNIMED SERRA DO CARACA COOPERATIVA DE TRABALHO MEDICO LTDA,N,N,078,0,0,01150489000140,N,UNIMED SERRA DO CARACA,,,,,,,,,258
324,U,,,311057,13/06/1996,,1,RUA RONCADOR ,CENTRO,38610000,3170404,327,NULL,(38)36765552,NULL,NULL,UNIMED VALE DO URUCUIA,N,N,078,0,0,01371135000126,N,UN VALE DO URUCUIA,,,,,,,,,259
325,U,,,327468,27/12/1994,,1,RUA MARIO PARDINI ,CENTRO,18400170,3522406,648,NULL,(15)52244939,NULL,NULL,UNIMED SUDOESTE PAULISTA COOPERATIVA DE TRABALHO MEDICO,N,N,078,0,0,66916305000156,N,UNIMED SUDOESTE PAULISTA,,,,,,,,,260
327,U,,,348066,22/11/1995,,1,R DR CANDIDO RODRIGUES ,CENTRO,12900360,3507605,93,NULL,(11)40337591,NULL,NULL,UNIMED BRAGANCA PAULISTA COOP TRAB MED L,N,N,078,0,0,01029782000154,N,UN BRAGANCA PAULIS,,,,,,,,,261
328,U,,,314242,28/06/1995,,1,RUA JOSE BONIFACIO ,CENTRO,13630000,3539301,453,NULL,NULL,NULL,NULL,UNIMED PIRASSUNGA,N,N,078,0,0,00840048000108,N,UNIMED PIRASSUNUNG,,,,,,,,,262
330,U,,,328308,01/01/2001,,1,RUA ANTONIO CRISTOVAM ,VELA MARIANA,13730000,3530508,506,NULL,(19)36666666,NULL,NULL,UNIMED MOCOCA COOP TRAB MED LTDA,N,N,078,0,0,00552181000169,N,UNIMED MOCOCA,,,,,,,,,263
333,U,,,301337,19/03/1977,,1,AV ANGELICA 2565,CONSOLACAO,01227200,3550308,2565,NULL,(11)31131100,NULL,NULL,UNIMED PAULISTANA COOP TRAB MED LTDA,N,N,078,0,0,43202472000130,N,UNIMED PAULISTANA,,,,,,,,,264
336,U,,,342131,15/11/1996,,1,R CAPITAO CASTRO ,CENTRO,78995000,1100304,4376,NULL,(69)33223535,NULL,NULL,UNIMED VILHENA,N,N,078,0,0,01659087000176,N,UNIMED VILHENA,,,,,,,,,265
337,U,,,342157,19/04/1977,,1,AV COUTO DE MAGALHAES ,CENTRO,75650000,5213806,385,NULL,(64)34132111,NULL,NULL,UNIMED MORRINHOS COOP TRAB MEDICO,N,N,078,0,0,02192677000102,N,UNIMED MORRINHOS,,,,,,,,,266
338,U,,,344150,01/09/1996,,1,RUA FIORAVANTE SICCHIERI ,CENTRO,14160770,3551702,757,NULL,(16)39454920,NULL,NULL,UNIMED SERTAOZINHO                                                    ,N,N,078,0,0,01545849000103,N,UNIMED SERTAOZINHO,,,,,,,,,267
339,U,,,371564,08/08/1997,,1,RUA SENADOR GOMES DA SILVA 410,CENTRO,38200000,3127107,410,NULL,(34)34218855,NULL,NULL,UNIMED FRUTAL COOP TRAB MED LTDA,N,N,078,0,0,02248344000140,N,UNIMED FRUTAL,,,,,,,,,268
340,U,,,306762,12/08/1997,,1,RUA GENERAL IZIDRO ,CENTRO,17207270,3525300,340,NULL,(14)6228542,NULL,NULL,UNIMED REGIONAL JAU COOP TRAB MED LTDA,N,N,078,0,0,02322043000119,N,UNIMED JAU,,,,,,,,,269
489,U,,,303844,15/04/1998,,1,RUA CUIABA ,JD STO ANTONIO,16901200,3104007,896,NULL,(18)37024000,NULL,NULL,UNIMED ANDRADINA COOP TRAB M D,N,N,078,0,0,02687852000124,N,UNIMED ANDRADINA C TR M D,,,,,,,,,270
500,U,,,0,01/01/2001,,1,SCS EDIFICIO VENANCIO 2000 BLOCO B ,ASA SUL,70333900,5300108,60,SALA 240 B,(61)3211755,NULL,NULL,ALIANCA COOP UNIMED,N,N,078,0,0,02862873000139,N,ALIANCA COO UNIMED,,,,,,,,,271
511,U,,,328031,01/01/2001,,1,RUA BARAO DE MELGACO ,CENTRO SUL,78020800,5103403,2713 ,2O PISO,NULL,NULL,NULL,FEDERACAO MATO GROSSO MT,N,N,078,0,0,02511261000100,N,FED MATO GROSSO,,,,,,,,,272
512,U,,,0,01/01/2001,,1,R SEN T VILELA SL 1004/1005 BROTAS,ED EMPR CONVENTION,40277000,2927408,190 ,NULL,(71)3513310,NULL,NULL,UNIMED ESTADO DA BAHIA,N,N,078,0,0,13800834000123,N,UNIMED ESTADO DA BAHIA,,,,,,,,,273
513,U,,,325759,01/01/2001,,1,RUA DAS FRONTEIRAS ,BOA VISTA,50070170,2611606,93,NULL,NULL,NULL,NULL,UNIMED FEDERACAO PERNAMBUCANA,N,N,078,0,0,02846189000163,N,UNIM FED PERNAMB,,,,,,,,,274
514,U,,,0,01/01/2001,,1,AV BRIG LUIS ANTONIO ,BELA VISTA,01318000,3550308,580 ,09 ANDAR CJ92,(11)32924000,NULL,NULL,UNIM SUD PAULISTA R DAS COOP MEDICAS,N,N,078,0,0,04877277000158,N,UN SUD PAULISTA,,,,,,,,,275
515,U,,,0,01/01/2001,,1,SHC/SUL BOLOCO A LOJA 05 ASA SUL,ASA SUL,70381515,5300108,515 ,NULL,(61)33465666,NULL,NULL,FED UNIM DIST FEDERAL E R METROPOLITANA,N,N,078,0,0,04955618000166,N,FED DISTR FEDERAL,,,,,,,,,276
531,U,,,314099,01/01/2001,,1,RUA ANTONIO HORTOLANI ,CENTRO,78300000,5101803,583 ,NULL,(65)3391000,NULL,NULL,UNIMED VALE DO SEPOTUBA,N,N,078,0,0,02597394000132,N,UNIMED V SEPOTUBA,,,,,,,,,277
532,U,,,0,01/01/2001,,1,AV TANCREDO NEVES ,SETOR BOSQUE,79800000,5208004,296,NULL,NULL,NULL,NULL,UNIMED DO NORDESTE GOIANO GO,N,N,078,0,0,02816850000198,N,UNIM NORD GOIANO,,,,,,,,,278
533,U,,,0,01/01/2001,,1,CONJUNTO CIDADE NOVA VII WE NO ,COQUEIRO,67140000,1500800,712 ,NULL,NULL,NULL,NULL,UNIMED ANANINDEUA PA,N,N,078,0,0,02443090000110,N,UNIMED ANANINDEUA,,,,,,,,,279
534,U,,,344141,01/01/2001,,1,RUA CORONEL PEBA ,CENTRO,58900000,2503704,497,NULL,NULL,NULL,NULL,UNIMED CAJAZEIRAS PB,N,N,078,0,0,02314168000105,N,UNIMED CAJAZEIRAS,,,,,,,,,280
535,U,,,0,01/01/2001,,1,RUA HOMERO GOMES DE CASTRO ,CENTRO,68180000,1503606,177,NULL,NULL,NULL,NULL,UNIMED ITAITUBA,N,N,078,0,0,05051115000129,N,UNIMED ITAITUBA,,,,,,,,,281
536,U,,,0,01/01/2001,,1,AV PRESIDENTE VARGAS 2927,CENTRO,68745000,1502400,NULL,NULL,NULL,NULL,NULL,UNIMED NORDESTE DE PARA PA,N,N,078,0,0,02367559000180,N,UNIM NORDESTE PARA,,,,,,,,,282
538,U,,,0,01/01/2001,,1,AV NOVE DE ABRIL ,CENTRO,11510001,3513504,1960 ,SALA 14,(2113)2893322,NULL,NULL,UNIMED LITORAL SUL PAULISTA COOP TRAB ME,N,N,078,0,0,02910011000134,N,UNIMED B SANTISTA,,,,,,,,,283
550,U,,,0,01/10/2003,,1,RUA MAESTRO FELICIO TOLEDO ,CENTRO,24030000,3303302,500 ,5 ANDAR,(21)31213010,NULL,NULL,ALIANCA METROPOLITANA RJ COOP TRAB MEDIC,N,N,078,0,0,05063699000152,N,ALIANCA METROP RJ,,,,,,,,,284
637,U,,,402834,01/01/2001,,1,RUA MARECHAL DEODORO ,CENTRO,13670000,3547502,1157,NULL,(19)5821588,NULL,NULL,UNIMED SANTA RITA DO PASSA QUATRO STA ROSA SAO SIMAO COOP,N,N,078,0,0,03029587000150,N,UNIMED STA RITA ,,,,,,,,,285
851,U,,,0,06/06/1995,,1,AV. JOSE MARIA WHITAKER,PLANALTO PAULISTA, 4057000,3550308,230  ,NULL,(11)2833611,NULL,NULL,FED INTRA METROPOLITANA DE SAO PAULO,N,N,078,0,0,00696680000120,N,FED INTRA METR DE S PAULO,,,,,,,,,286
852,U,,,414573,20/03/2002,,1,AV AMBROSIO FUMAGALLI ,PARQ EGISTO RAGAZZO,13485333,3526902,1308,NULL,(19)34043500,NULL,NULL,UNIM C PAULISTA FEDER REG DAS COOP MED,N,N,078,0,0,03230123000107,N,UNIM CENTRO PAULIS,,,,,,,,,287
853,U,,,0,13/07/1996,,1,RUA MAJOR EUSTAQUIO 76 SL615,CENTRO,38010270,3170107,76,NULL,(34)2365611,NULL,NULL,INTRAFEDERATIVA FED UN TRIANG MIN ALTO P,N,N,078,0,0,01529390000154,N,INTRAFEDERATIVA,,,,,,,,,288
854,U,,,328294,16/08/1996,,1,RUA ANTONIO MOISES SAAD ,LAGOINHA,14095230,3543402,1155,NULL,(16)39959750,NULL,NULL,UNIMED INTRA FED NORDESTE PAULISTA,N,N,078,0,0,01559455000104,N,FED NORD PAULISTA,,,,,,,,,289
855,U,,,357138,01/01/1901,,1,RUA RIO BRANCO ,JARDIM PAULISTA,17017220,3506003,27 65,NULL,(14)2261811,NULL,NULL,UNIMED CENTRO OESTE PAULISTA FED. INTERF. DAS COOP.  MEDICAS,N,N,078,0,0,01608379000180,N,UNI CENR OEST PAU,,,,,,,,,290
856,U,,,0,01/01/2001,,1,RUA SANTO ANDRE ,JARDIM EUROPA,15014490,3549805,394,NULL,(17)2347414,NULL,NULL,FED INTRAF DO OESTE PAULISTA,N,N,078,0,0,01559456000159,N,FED INTR O PAULIS,,,,,,,,,291
860,U,,,334511,01/01/2001,,1,RUA VISCONDE DE PINDAMONHANGABA,JARDIM BOA VISTA,12401011,3538006,100,NULL,(12)36442400,NULL,NULL,FEDERACAO DAS UNIMEDS DO VALES PARAIBA,N,N,078,0,0,01773319000112,N,FED VALE PARAIBA,,,,,,,,,292
865,U,,,339679,01/01/1997,,1,RUA FREI CANECA,BELA VISTA,01307003,3550308,1355,NULL,(11)55067733,NULL,NULL,UNIMED NACIONAL COOPERATIVA CENTRAL,N,N,078,0,0,02812468000106,N,UNIMED NACIONAL C CENTRAL,,,,,,,,,293
950,U,,,0,04/09/1994,,1,AV RIO BRANCO 1º ANDAR CENTRO EXECT WILMAR HENRIQUE BECKER,CENTRO,88015203,4205407,847 ,NULL,(48)32214400,NULL,NULL,UNIMED MERCOSUL,N,N,078,0,0,00190758000130,N,UNIMED MERCOSUL,,,,,,,,,294
970,U,,,319996,11/03/1991,,1,RUA JOSE GETULIO 78/90,ACLIMACAO,01509000,3550308,078,NULL,(11)21462500,NULL,NULL,UNIMED DO ESTADO DE SAO PAULO,N,N,078,0,0,43643139000166,N,UNIMED EST S PAULO,,,,,,,,,295
971,U,,,367087,01/01/2001,,1,RUA SANTA TEREZINHA ,CENTRO,90040180,4314902,340,NULL,(51)3303085,NULL,NULL,UNIMED DO ESTADO DO RIO GRANDE DO SUL,N,N,078,0,0,87158507000156,N,U EST RIO G DO SUL,,,,,,,,,296
972,U,,,312363,20/08/1972,,1,AV RIO BRANCO ,CENTRO,20040004,3304557,81 ,12 ANDAR,(21)5182874,NULL,NULL,FEDERACAO DO ESTADO RIO DE JANEIRO,N,N,078,0,0,31432792000105,N,FED EST RIO DE JANEIRO,,,,,,,,,297
973,U,,,363944,19/03/1977,,1,AVENIDA FRANCISCO SALES,SANTA EFIGENIA,30150225,3106200,1483,NULL,(31)2413056,NULL,NULL,FEDERACAO INTERF COOP TRAB MED EST MG,N,N,078,0,0,19891852000144,N,FEDERACAO MG,,,,,,,,,298
974,U,,,324213,01/01/2001,,1,AV CARNEIRO DA CUNHA ,TORRE,58040000,2507507,55,NULL,NULL,NULL,NULL,UNIMED EST NORTE NORDESTE,N,N,078,0,0,09237009000195,N,UN EST NORT NORDESTE,,,,,,,,,299
975,U,,,312720,18/08/1979,,1,RUA ANTONIO CAMILO ,TARUMA,82530450,4106902,283,NULL,(41)2236585,NULL,NULL,UNIMED DO ESTADO DO PARANA,N,N,078,0,0,78339439000130,N,UNIMED EST PARANA,,,,,,,,,300
976,U,,,355691,01/01/1901,,1,RUA OTTO BOEHM ,AMERICA,89201700,4209102,478,NULL,(474)324843,NULL,NULL,UNIMED DO ESTADO DE SANTA CATARINA FEDERACAO ESTADUAL DAS COOPERATIVAS MEDICAS,N,N,078,0,0,76590884000143,N,UNIMED SANTA CATARINA,,,,,,,,,301
977,U,,,0,24/04/1985,,1,R SEN T VILELA SL 1004/1005 BROTAS,ED EMPR CONVENTION,40277000,2927408,190 ,NULL,(71)3513310,NULL,NULL,UNIMED ESTADO DA BAHIA,N,N,078,0,0,13800834000123,N,UNIMED ESTADO DA BAHIA,,,,,,,,,302
978,U,,,347361,29/06/1985,,1,SCS QUADRA 05 BL C LJ 19 GALERIA NOVA OUVIDOR 61,ASA SUL,70305000,5300108,0,NULL,(61)33192012,NULL,NULL,INTERF CENTROESTE TOCANTINS,N,N,078,0,0,01586205000163,N,INTERF CENTROES TOCANTINS,,,,,,,,,303
979,U,,,321958,23/07/1985,,1,RUA PADRE LUIS FIGUEIRA ,CENTRO,60150120,2304400,52,NULL,NULL,NULL,NULL,UNIMED ESTADO CEARA,N,N,078,0,0,10395358000114,N,UNIMED ESTADO CEARA,,,,,,,,,304
980,U,,,348406,01/01/2001,,1,RUA AÇU,TIROL,59020110,2408102,507,NULL,(84)33154500,NULL,NULL,UNIMED DO ESTADO DO RIO GRANDE DO NORTE,N,N,078,0,0,24368771000102,N,FED EST R G NORTE,,,,,,,,,305
982,U,,,324523,01/01/2001,,1,RUA CARNEIRO DA CUNHA 89,TORRE,58040240,2507507,NULL,NULL,(83)2222626,NULL,NULL,UNIMED DO ESTADO DA PARAIBA,N,N,078,0,0,40960189000189,N,FED EST PARAIBA,,,,,,,,,306
983,U,,,0,01/01/2001,,1,RUA FERNANDES LIMA 1434 1O ANDAR,FAROL,57057050,2704302,NULL,NULL,(82)2219819,NULL,NULL,UNIMED DOS ESTADOS DE ALAGOAS E SERGIPE,N,N,078,0,0,35731827000150,N,FED EST ALG E SERG,,,,,,,,,307
984,U,,,0,14/03/1992,,1,R CESAR HILAL ,BENTO FERREIRA,29052231,3205309,700 ,2O ANDAR,(27)2222371,NULL,NULL,FEDERACAO ESTADO DO ESPIRITO SANTO,N,N,078,0,0,36335495000157,N,FED ESPIRITO SANTO,,,,,,,,,308
985,U,,,313971,01/01/2001,,1,RUA MONSENHOR COUTINHO 239,CENTRO,69010110,1302603,NULL,NULL,(92)2361036,NULL,NULL,UNIMED DO ESTADO DA AMAZONIA OCIDENTAL,N,N,078,0,0,84112481000117,N,UNIMED DO ESTADO DA AMAZO,,,,,,,,,309
986,U,,,0,01/01/2001,,1,TRAVESSA HUMAITA ,BAIRRO DO MARCO,66095220,1501402,2778,NULL,(91)2239255,NULL,NULL,UNIMED DO ESTADO DA AMAZONIA ORIENTAL,N,N,078,0,0,83311050000117,N,FED EST AMAZON OR,,,,,,,,,310
988,U,,,386596,07/07/1994,,1,RUA 8 A NR ,SETOR AEROPORTO,74075240,5208707,111,NULL,(62)2125100,NULL,NULL,FED DAS UNIMEDS DOS EST GOIAS E TOCANTIS E DF,N,N,078,0,0,00366982000130,N,UNIMED CERRADO,,,,,,,,,311
989,U,,,316741,11/03/1995,,1,R JOSE GOMES DOMINGUES ,SANTA FE,79021230,5002704,1153,NULL,(67)33264886,NULL,NULL,FEDERACAO ESTADUAL DAS COOP MED MS,N,N,078,0,0,00755186000199,N,FEDERACAO MS,,,,,,,,,312
994,U,,,701,08/08/2001,,1,"ALAMEDA MINISTRO ROCHA AZEVEDO, 366 - 10  ANDAR",CERQUEIRA CESAR,01410901,3550308,366,NULL,(11)32659700,NULL,NULL,UNIMED SEGUROS SAUDE,N,N,078,0,0,92863505000106,N,UNIMED SEG SAUDE,,,,,,,,,313
998,U,,,0,28/11/1975,,1,RUA SEPS 705/905 0 ,ASA SUL,70390055,5300108,705,BL A LOJA 36,(61)32261345,NULL,NULL,UNIMED CONF COOP  CENTRO OESTE TOCANT,N,N,078,0,0,48090146000363,N,FEDERACAO GOIAS TOCANTINS,,,,,,,,,315
999,U,,,300870,28/11/1975,,1,ALAMEDA SANTOS,CERQUEIRA CESAR,01419909,3550308,1827 ,15O ANDAR,(11)32659889,NULL,NULL,UNIMED DO BRASIL CONF. NAC. DO TRABALHO MEDICO,N,N,078,0,0,48090146000100,N,UNIMED DO BRASIL,,,,,,,,,316
259,U,,,328596,20/11/1992,,1, RUA SANTANA,CENTRO,97510470,4322400,2772,NULL,NULL,NULL,NULL,UNIMED URUGUAIANA COOP TRAB MED LTDA,N,N,078,0,0,72173180000114,N,UNIMED URUGUAIANA,,,,,,,,,863
335,U,,,301744,01/01/1901,,1,RUA XV DE NOVEMBRO ,CENTRO,89600000,4209003,125,NULL,(49)5223688,NULL,NULL,UNIMED JOACABA COOP TRAB MED LTDA,N,N,078,0,0,01356020000162,N,UNIMED JOACABA,,,,,,,,,1335
298,U,,,385751,01/01/1901,,1,RUA FIORY TERCI,GINASIO,29190062,3200607,290,GINASIO,(27)32569550,NULL,NULL,UNIMED PIRAQUEACU COOPERATIVA DE TRABALHO MEDICO,N,N,078,0,0,00358011000148,N,UNIMED PIRAQUEACU,,,,,,,,,12196
636,U,,,409995,01/01/2001,,1,RUA RONDONIA ,JARDIM BRASILIA,14750000,3539509,210,NULL,NULL,NULL,NULL,UNIMED PITANGUEIRAS  COOP TRAB MED LTDA,N,N,078,0,0,03438613000101,N,UNIMED PITANGUEIRAS,,,,,,,,,5782
220,U,,,318213,21/10/2009,,1,RUA FREI GABRIEL ,CENTRO,88502030,4209300,115,NULL,(34)32216600,NULL,NULL,UNIMED LAJES,N,N,078,0,0,85246916000189,N,UNIMED LAJES,,,,,,,,,8845
540,U,,,415014,01/01/2001,,1,AVENIDA GENARO PALADINO ,VILA CAPELLETO,13250450,3523404,150,NULL,(11)45349400,NULL,NULL,UNIMED DE ITATIBA,N,N,078,0,0,06091170000105,N,UNIMED DE ITATIBA,,,,,,,,,15341
154,U,,,333719,01/01/2011,,1,RUA JOSE BASSON 543,CENTRO,64200410,2207702,543,NULL,NULL,NULL,NULL,UNIMED PARNAIBA,N,N,078,0,0,23511850000150,N,UNIMED PARNAIBA,,,,,,,,,20924
289,U,,,337561,01/01/1901,,1,PCA CORONEL MAXIMIANO ,CENTRO,36800000,3113305,33,NULL,(32)37419650,NULL,NULL,UNIMED VALE DO CARANGOLA ,N,N,078,0,0,86483542000188,N,UNIMED VALE DO CARANGOLA,,,,,,,,,13117
331,U,,,348244,01/01/2013,,1,RUA GUILHERME WEGNER,PRIMEIRO DE MAIO,88353200,4202909,935,NULL,(47)32512499,NULL,NULL,UNIMED BRUSQUE COOPERATIVA DE TRABALHO MEDICO,N,N,078,0,0,01554266000149,N,UNIMED BRUSQUE,,,,,,,,,30413
995,U,,,0,01/11/2013,,1,RUA AL MINISTRO ROCHA AZEVEDO 366,CERQUEIRA CESAR,01410901,3550308,366,NULL,NULL,NULL,NULL,UNIMED SEGUROS SAUDE S/A,N,N,078,0,0,04487255000181,N,UNIMED DO BRASIL,,,,,,,,,30864
319,U,,,349739,01/01/2013,,1,"RUA GASPAR MARTINS, 417",CENTRO,97542000,4300406,417,NULL,(55)34221233,NULL,NULL,UNIMED ALEGRETE SOCIEDADE COOPERATIVA DE TRABALHO MEDICO LTDA,N,N,078,0,0,00989693000197,N,UNIMED ALEGRETE,,,,,,,,,33354
329,U,,,311944,01/01/2001,,1,AV RIO BRANCO,CENTRO,17800000,3500105,258,NULL,(18)35024600,NULL,NULL,UNIMED ADAMANTINA,N,N,078,0,0,00262338000111,N,UNIMED ADAMANTINA,,,,,,,,,33709
628,U,,,355691,01/01/2014,,1,RUA ARCHIAS GANZ,CENTRO,89520000,4204806,303,NULL,(49)32410797,NULL,NULL,UNIMED CURITIBANOS ,N,N,078,0,0,04107346000144,N,UNIMED CURITIBANOS,,,,,,,,,35916
306,U,,,0,01/01/2015,,1,"AVENIDA PREFEITO MOACIR CAVALCANTE, 245 ",CENTRO,57240000,2708600,245,NULL,NULL,NULL,NULL,UNIMED SAO MIGUEL DOS CAMPOS,N,N,078,0,0,00816565000141,N,UNIMED SAO M DOS CAMPOS,,,,,,,,,36939
303,U,,,353698,01/01/1997,,1,AV PATRIA ,CENTRO,99500000,4304705,823 ,SALA 04,NULL,NULL,NULL,UNIMED REGIAO DA PRODUCAO,N,N,078,0,0,00532888000103,N,UNIMED REGIAO DA PRODUCAO,,,,,,,,,38582
332,U,,,346951,01/01/2016,,1,AVENIDA SANTA CATARINA ,CENTRO,89500124,4203006,303,NULL,NULL,NULL,NULL,UNIMED CACADOR COOPERATIVA DE TRABALHO MEDICO DA REGIAO DO CONTESTADO,N,N,078,0,0,01569902000106,N,UNIMED CACADOR,,,,,,,,,42626
153,U,,,366340,19/03/1977,,0,"PRAÇA CEZÁRIO MOTA, 484",CENTRO,13360000,3510401,484,NULL,(19)34913554,NULL,NULL,UNIMED DE CAPIVARI COOP TRAB MED LTDA,N,N,078,0,0,59499251000105,N,UNIMED CAPIVARI,,,,,,,,,51324
341,U,,,322547,01/01/2000,,1,R DR JOSE WATANABE 55 ,PARQUE DAS PALMEIRAS,23906520,3300100,55,ED.UNIMED,(24)33671313,NULL,NULL,UNIMED ANGRA DOS REIS COOP.TRAB.MEDICO,N,N,078,0,0,02418258000138,N,UNIMED ANGRA DOS REIS,,,,,,,,,29682
300,U,,,372561,03/12/2018,,1,RUA PREFEITO EUGÊNIO SCHNEIDER,EUGÊNIO SCHNEIDER,89167900,4214805,123,NULL,(47)35313333,NULL,NULL,UNIMED ALTO VALE,N,N,1,0,0,00381694000154,N,UNIMED ALTO VALE,,,,,,,,,57802
634,U,,,355691,03/12/2018,,1,AV. MAL. DEODORO DA FONSECA,CENTRO,89251700,4208906,1412,NULL,NULL,NULL,NULL,UNIMED JARAGUA DO SUL,N,N,NULL,NULL,NULL,03855214000138,N,UNIMED JARAGUA DO SUL,,,,,,,,,57843
265,U,,,313475,01/01/2019,,1,PRACA FELIX PACHECO,CENTRO,64600082,2208007,676,NULL,(89)34223616,NULL,NULL,UNIMED REGIONAL DE PICOS COOPERATIVA DE TRABALHO MEDICO,N,N,1,0,0,69612158000119,N,UNIMED R P C T MEDICO,,,,,,,,,61653
100,U,,,343684,01/01/2021,,1,RUA 15 DE NOVEMBRO 556,CENTRO,95200000,4322509,NULL,NULL,(54)2312588,NULL,NULL,UNIMED ALTO DA SERRA COOP TRAB MED LTDA,N,N,078,0,0,88732318000108,N,UNIMED ALTO SERRA,,,,,,,,,88028
227,U,,,354295,01/01/1901,,1,"RUA PORTO ALEGRE, 132",CENTRO,89802130,4204202,132,NULL,(49)33611800,NULL,NULL,UNIMED CHAPECO,N,N,078,0,0,85283299000191,N,UNIMED CHAPECO,,,,,,,,,1975
627,U,,,355691,01/01/2001,,1,RUA DOMINGOS MACHADO DE LIMA 755,CENTRO,89700000,4204301,NULL,NULL,NULL,NULL,NULL,UNIMED CONCORDIA,N,N,078,0,0,03931130000136,N,UNIMED CONCORDIA,,,,,,,,,5480
233,U,,,325031,01/01/2009,,1,R PEDRO NATALIO LORENZETTI ,CENTRO,18681110,3526803,698,NULL,NULL,NULL,NULL,UNIMED LENCOIS PAULISTA,N,N,078,0,0,67417519000140,N,UNIMED LENCOIS PAULISTA,,,,,,,,,7814
199,U,,,318566,01/01/2001,,1,RUA NOSSA SENHORA DE FATIMA,ALTO DO CRUZEIRO,57313040,2700300, 209,NULL,(82)35219420,NULL,NULL,UNIMED ARAPIRACA COOPERATIVA DE TRABALHO MEDICO,N,N,078,0,0,35642768000143,N,UNIMED ARAPIRACA,,,,,,,,,7881
187,U,,,370681,01/09/2009,,1,RUA TAMOIO ,CENTRO,85501070,4118501,253,NULL,(46)21013000,NULL,NULL,UNIMED PATO BRANCO,N,N,078,0,0,80871551000160,N,UNIMED PATO BRANCO,,,,,,,,,8844
246,U,,,316458,01/01/2009,,1,AV EURIPEDES DE AGUIAR ,CENTRO,64800000,4115200,492,NULL,(89)35211133,NULL,NULL,UNIMED REGIONAL FLORIANO,N,N,078,0,0,41511429000120,N,UNIMED REGIONAL FLORIANO,,,,,,,,,8925
312,U,,,337498,01/01/2001,,1,R DR BERNARDO BELLO ,CENTRO,25804030,3306008,63,NULL,NULL,NULL,NULL,UNIMED TRES RIOS COOP DE TRABALHO MEDICO,N,N,078,0,0,00946953000147,N,UNIMED TRES RIOS ,,,,,,,,,13439
857,U,,,320838,01/06/2011,,1,RUA IRMAO MARIO ESTRAS ,VILA PINTO,37010660,3170701,200,NULL,(34)36909500,NULL,NULL,INTRAFEDER. SUL DE MINAS,N,N,078,0,0,01647867000104,N,INTRAFEDER. SUL DE MINAS,,,,,,,,,15141
611,U,,,0,01/01/2021,,1,RUA 12 DE SETEMBRO,CENTRO,89460138,4203808,760,NULL,NULL,NULL,NULL,COOPERATIVA DE TRABALHO MÉDICO DE CANOINHAS,N,N,078,0,0,04336294000188,N,UNIMED CANOINHAS,,,,,,,,,90440
168,U,,,336858,03/05/2011,,1,AV JULIO ASSIS CAVALHEIRO,CENTRO,85601000,4108403,1171,NULL,(46)35205834,NULL,NULL,UNIMED FRANCISCO BELTRAO COOPERATIVA DE TRABALHO MEDICO,N,N,078,0,0,81710543000102,N,UNIMED F B C T MEDICO,,,,,,,,,129433