CD_ERRO,DS_ERRO,CD_ERRO_PTU,CD_ERRO_PTU,TP_ERRO_AUTSC,DS_EXPLIC_UNIMED,DS_EXPLIC_PREST,DS_SOLCAO_UNIMED,DS_SOLCAO_PREST,CD_DEPARA_TISS,TP_AUDITORIA,FG_JUSTIF_QTDE,TP_ERRO_SGU,FG_DESTAQUE_AUDITORIA,CD_ERRO_TISS,TP_ERRO_XML,FG_INATIVO,FG_GLOSA_AUTOMATICA,ID_ORIGEM
131,Revisão obrigatória solicitada pela Unimed Origem.,2041,2041,A,Revisão obrigatória solicitada pela Unimed Origem.,,,,1826,,1,,,,1826,1,,131
1,O código do cartão do beneficiário informado não encontra-se cadastrado na base da operadora.,2028,2028,N,O código do cartão do beneficiário informado não encontra-se cadastrado na base da operadora.,,,,1022,,1,,,,1022,1,,1
2,O beneficiário não encontra-se cadastrado na base na data informada do atendimento.,2004,2004,N,O beneficiário não encontra-se cadastrado na base na data informada do atendimento.,,,,2004,,1,,,,2004,1,,2
3,Contrato do beneficiário encontra-se suspenso na data do atendimento.,2044,2044,N,Contrato do beneficiário encontra-se suspenso na data do atendimento.,,,,1016,,1,,,,1016,1,,3
5,Contrato do beneficiário encontra-se rescindido na data do atendimento.,2004,2004,N,Contrato do beneficiário encontra-se rescindido na data do atendimento.,,,,1018,,1,,,,1018,1,,5
6,Esta glosa será apresentada quando o beneficiário estiver suspenso com vínculo rescindido na data do atendimento E teve o cartão de identificação devolvido (campo “Data Devolução” preenchido).,2044,2044,N,Esta glosa será apresentada quando o beneficiário estiver suspenso com vínculo rescindido na data do atendimento E teve o cartão de identificação devolvido (campo “Data Devolução” preenchido).,,,,1018,,1,,,,1018,1,,6
8,"Beneficiário encontra-se cadastrado base,mas a data de vigência é superior a data do atendimento.",998,998,N,"Beneficiário encontra-se cadastrado base,mas a data de vigência é superior a data do atendimento.",,,,1004,,1,,,,1004,1,,8
9,O cartão do Beneficiário encontra-se bloqueado na data do atendimento.,2028,2028,N,O cartão do Beneficiário encontra-se bloqueado na data do atendimento.,,,,1022,,1,,,,1022,1,,9
10,Beneficiário encontra-se com a validade do cartão vencida na data do atendimento.,2017,2017,N,Beneficiário encontra-se com a validade do cartão vencida na data do atendimento.,,,,1017,,1,,,,1017,1,,10
12,A via do cartão informada não compativel com a via do cartão do beneficiário.,2028,2028,N,A via do cartão informada não compativel com a via do cartão do beneficiário.,,,,1017,,1,,,,1017,1,,12
13,Não encontrado nenhum módulo para o beneficiário na data ido atendimento.,998,998,N,Não encontrado nenhum módulo para o beneficiário na data ido atendimento.,,,,1004,,1,,,,1004,1,,13
15,"O serviço informado não poderá ser executado conforme definido na negociação serviço do prestador, classe prestador e/ou especialidade .",2010,2010,N,"O serviço informado não poderá ser executado conforme definido na negociação serviço do prestador, classe prestador e/ou especialidade .",,,,3037,,1,,,,3037,1,,15
16,"O serviço informado não poderá ser executado no tipo local conforme parametrizado na negociação de serviço do prestador, classe prestador e/ou especialidade.",998,998,N,"O serviço informado não poderá ser executado no tipo local conforme parametrizado na negociação de serviço do prestador, classe prestador e/ou especialidade.",,,,3037,,1,,,,3037,1,,16
18,Prestador não possui a especialidade parametrizada para a execução do serviço na data de atendimento informada.,2041,2041,N,Prestador não possui a especialidade parametrizada para a execução do serviço na data de atendimento informada.,,,,1217,,1,,,,1217,1,,18
21,"Esta glosa será apresentada quando no Item Evento / Aba Geral, o campo “Grau Participação” for preenchido e for diferente dos tipos de participação informados no Serviço Operadora / Aba Procedimento Médico / Sub-Aba Grau de Participação.",2041,2041,N,"Esta glosa será apresentada quando no Item Evento / Aba Geral, o campo “Grau Participação” for preenchido e for diferente dos tipos de participação informados no Serviço Operadora / Aba Procedimento Médico / Sub-Aba Grau de Participação.",,,,1217,,1,,,,1217,1,,21
22,"Está glosa será apresentada quando o prestador informado não puder solicitar Serviços. Neste caso, na Negociação de Serviço (aba Geral), o checkbox “Solicita Serviços” deve estar desmarcado. ",2041,2041,N,"Está glosa será apresentada quando o prestador informado não puder solicitar Serviços. Neste caso, na Negociação de Serviço (aba Geral), o checkbox “Solicita Serviços” deve estar desmarcado. ",,,,3037,,1,,,,3037,1,,22
24,Esta glosa será apresentada quando o Serviço Operadora informado estiver parametrizado com o sexo diferente do sexo cadastrado para o beneficiário.,2011,2011,N,Esta glosa será apresentada quando o Serviço Operadora informado estiver parametrizado com o sexo diferente do sexo cadastrado para o beneficiário.,,,,1802,,1,,,,1802,1,,24
25,Esta glosa será apresentada quando a idade (calculada) do beneficiário for menor que a idade inicial informada no campo “Idade Inicial Permitida” parametrizado no Serviço Operadora.,2013,2013,N,Esta glosa será apresentada quando a idade (calculada) do beneficiário for menor que a idade inicial informada no campo “Idade Inicial Permitida” parametrizado no Serviço Operadora.,,,,1803,,1,,,,1803,1,,25
26,Esta glosa será apresentada quando a idade (calculada) do beneficiário for maior que a idade final informada no campo “Idade Final Permitida” parametrizado no Serviço Operadora.,2012,2012,N,Esta glosa será apresentada quando a idade (calculada) do beneficiário for maior que a idade final informada no campo “Idade Final Permitida” parametrizado no Serviço Operadora.,,,,1803,,1,,,,1803,1,,26
27,Esta glosa será apresentada quando o Serviço Operadora informado não estiver vigente na data do atendimento.,2009,2009,N,Esta glosa será apresentada quando o Serviço Operadora informado não estiver vigente na data do atendimento.,,,,1840,,1,,,,1840,1,,27
28,Esta glosa será apresentada quando o Serviço Operadora informado estiver com o campo “Fim Vigência” preenchido E a data de Fim vigência for menor que a “Data Inicio Faturamento” no Evento OU “Data Solic.” na Solicitação de Serviço.,2009,2009,N,Esta glosa será apresentada quando o Serviço Operadora informado estiver com o campo “Fim Vigência” preenchido E a data de Fim vigência for menor que a “Data Inicio Faturamento” no Evento OU “Data Solic.” na Solicitação de Serviço.,,,,1840,,1,,,,1840,1,,28
30,Esta glosa será apresentada quando a data informada no campo “Data Inicial” no Item Evento / Aba Geral for menor que a data informada no campo “Data Início Faturamento” no Evento / Aba Atendimento. ,2041,2041,N,Esta glosa será apresentada quando a data informada no campo “Data Inicial” no Item Evento / Aba Geral for menor que a data informada no campo “Data Início Faturamento” no Evento / Aba Atendimento. ,,,,1301,,1,,,,1301,1,,30
31,Esta glosa será apresentada quando a data informada no campo “Data Inicial” no Item Evento / Aba Geral for maior que a data informada no campo “Data Fim Faturamento” no Evento / Aba Atendimento. ,2041,2041,N,Esta glosa será apresentada quando a data informada no campo “Data Inicial” no Item Evento / Aba Geral for maior que a data informada no campo “Data Fim Faturamento” no Evento / Aba Atendimento. ,,,,1301,,1,,,,1301,1,,31
32,"Esta glosa será apresentada quando a data informada no campo “Data Inicial Faturamento” no Evento / Aba Atendimento OU o campo “Data Inicial” no Item Evento / Aba Geral, estiver fora do intervalo definido nos campos “Início Vigência” / “Fim Vigência” parametrizados na Configuração.",2041,2041,N,"Esta glosa será apresentada quando a data informada no campo “Data Inicial Faturamento” no Evento / Aba Atendimento OU o campo “Data Inicial” no Item Evento / Aba Geral, estiver fora do intervalo definido nos campos “Início Vigência” / “Fim Vigência” parametrizados na Configuração.",,,,1435,,1,,,,1435,1,,32
38,"A solicitação de serviço foi negada ou cancelada, ou seja não foi autorizada o atendimento do beneficiário",998,998,N,"A solicitação de serviço foi negada ou cancelada, ou seja não foi autorizada o atendimento do beneficiário",,,,1301,,1,,,,1301,1,,38
39,Solicitação de serviço informada foi autorizada para outro beneficiário.,998,998,N,Solicitação de serviço informada foi autorizada para outro beneficiário.,,,,1301,,1,,,,1301,1,,39
40,"Esta glosa será apresentada quando a data de validade preenchida na Solicitação de Serviço / Aba Auditoria / Sub-Aba Parecer, campo “Validade Final” for menor que a data informada no Evento / Aba Atendimento / Sub-Aba Geral, campo “Data Início Faturamento”.",998,998,N,"Esta glosa será apresentada quando a data de validade preenchida na Solicitação de Serviço / Aba Auditoria / Sub-Aba Parecer, campo “Validade Final” for menor que a data informada no Evento / Aba Atendimento / Sub-Aba Geral, campo “Data Início Faturamento”.",,,,1321,,1,,,,1321,1,,40
41,O periodo do evento está sobrepondo o periodo de um outro evento para o mesmo beneficiário.,998,998,N,O periodo do evento está sobrepondo o periodo de um outro evento para o mesmo beneficiário.,,,,2707,,1,,,,2707,1,,41
43,O número de diárias utilizadas pelo beneficiário foi maior que o número de diárias autorizadas na solicitação de serviço.,998,998,N,O número de diárias utilizadas pelo beneficiário foi maior que o número de diárias autorizadas na solicitação de serviço.,,,,1301,,1,,,,1301,1,,43
44,Esta glosa será apresentada quando uma das opções na Configuração Operadora / Aba Mov. Eventos / Sub-Aba Evento / Sub-Aba Geral do campo “Tipo Competência Conhecimento” for definida e a competência encontrada não estiver parametrizada. ,998,998,N,Esta glosa será apresentada quando uma das opções na Configuração Operadora / Aba Mov. Eventos / Sub-Aba Evento / Sub-Aba Geral do campo “Tipo Competência Conhecimento” for definida e a competência encontrada não estiver parametrizada. ,,,,1304,,1,,,,1304,1,,44
45,A glosa será gerada quando o serviço cadastrado no “Valor Serviço Tabela” com Porte Anestésico “zero” OU “branco” E for informada a classe de participação “Anestesista” OU for informado o porte anestésico,998,998,N,A glosa será gerada quando o serviço cadastrado no “Valor Serviço Tabela” com Porte Anestésico “zero” OU “branco” E for informada a classe de participação “Anestesista” OU for informado o porte anestésico,,,,1832,,1,,,,1832,1,,45
46,"O Prestador está cobrando em um mesmo evento, mais de um serviço com o mesmo percentual numa mesma data de Realizacao com a mesma classe e percentual de participação",998,998,N,"O Prestador está cobrando em um mesmo evento, mais de um serviço com o mesmo percentual numa mesma data de Realizacao com a mesma classe e percentual de participação",,,,1823,,1,,,,1823,1,,46
47,"Mesmo prestador de servicos, mesmo serviço e classe de participação diferentes numa mesma data de Realizacao",998,998,N,"Mesmo prestador de servicos, mesmo serviço e classe de participação diferentes numa mesma data de Realizacao",,,,1301,,1,,,,1301,1,,47
48,"Existem dois Prestadores de Serviço, realizando o mesmo serviço com a mesma classe de participação em um mesmo evento",998,998,N,"Existem dois Prestadores de Serviço, realizando o mesmo serviço com a mesma classe de participação em um mesmo evento",,,,1823,,1,,,,1823,1,,48
51,"Esta glosa será apresentada quando o número de auxiliares informado no Item Evento for superior ao limite permitido para o Serviço no Valor de Tabela de Serviço / Aba Geral, campo “Qte Auxiliares”. O valor informado neste campo irá determinar a quantidade de auxiliares permitidos.",998,998,N,"Esta glosa será apresentada quando o número de auxiliares informado no Item Evento for superior ao limite permitido para o Serviço no Valor de Tabela de Serviço / Aba Geral, campo “Qte Auxiliares”. O valor informado neste campo irá determinar a quantidade de auxiliares permitidos.",,,,1832,,1,,,,1832,1,,51
53,"Serviço informado no item evento não está coberto no módulo do beneficiário,contrato, modelo contrato ou no módulo operadora.",2009,2009,N,"Serviço informado no item evento não está coberto no módulo do beneficiário,contrato, modelo contrato ou no módulo operadora.",,,,1012,,1,,,,1012,1,,53
55,Qte. Informada no Evento é maior que Qte. Autorizada.,2014,2014,N,Qte. Informada no Evento é maior que Qte. Autorizada.,,,,1408,,1,,,,1408,1,,55
56,Qte. Atos serviço informado no item evento é maior que o Limite unidades controladas parametrizada no serviço do grupo de cobertura.,2014,2014,N,Qte. Atos serviço informado no item evento é maior que o Limite unidades controladas parametrizada no serviço do grupo de cobertura.,,,,1408,,1,,,,1408,1,,56
57,Serviço informado no item evento necessita de autorização para ser executado.,998,998,N,Serviço informado no item evento necessita de autorização para ser executado.,,,,1840,,1,,,,1840,1,,57
60,"O prestador não pode realizar um segunda consulta com o mesmo beneficiário num periodo inferior ao estabelecido, a partir da primeira consulta (Consulta de Retorno)",2041,2041,N,"O prestador não pode realizar um segunda consulta com o mesmo beneficiário num periodo inferior ao estabelecido, a partir da primeira consulta (Consulta de Retorno)",,,,1823,,1,,,,1823,1,,60
61,Acomodação informada no item evento é diferente da acomodação autorizada na solicitação.,998,998,N,Acomodação informada no item evento é diferente da acomodação autorizada na solicitação.,,,,1401,,1,,,,1401,1,,61
66,Esta glosa será apresentada quando a Unidade de Medida informada no Item Evento for diferente da Unidade de Medida parametrizada no Serviço Operadora.,998,998,N,Esta glosa será apresentada quando a Unidade de Medida informada no Item Evento for diferente da Unidade de Medida parametrizada no Serviço Operadora.,,,,1301,,1,,,,1301,1,,66
67,Beneficiário não atingiu o término da carência para o serviço informado.,2016,2016,N,Beneficiário não atingiu o término da carência para o serviço informado.,,,,1410,,1,,,,1410,1,,67
69,Esta glosa será apresentada quando a composição do Serviço Operadora informado for associada a um índice financeiro zerado ou não vigente.,998,998,N,Esta glosa será apresentada quando a composição do Serviço Operadora informado for associada a um índice financeiro zerado ou não vigente.,,,,1823,,1,,,,1823,1,,69
72,Número Guia Principal Informado no evento não foi encontrado na base de dados.,0,0,N,Número Guia Principal Informado no evento não foi encontrado na base de dados.,,,,1301,,1,,,,1301,1,,72
73,Esta glosa será apresentada quando o CID informado na Solicitação de Serviço / Evento não foi encontrado no cadastro de CID OU não é um registro válido.,2022,2022,N,Esta glosa será apresentada quando o CID informado na Solicitação de Serviço / Evento não foi encontrado no cadastro de CID OU não é um registro válido.,,,,1509,,1,,,,1509,1,,73
74,Esta glosa será apresentada quando o número de autorização informado não existir na Base de Dados.,0,0,N,Esta glosa será apresentada quando o número de autorização informado não existir na Base de Dados.,,,,1613,,1,,,,1613,1,,74
76,Esta glosa será apresentada quando o Serviço informado no Item Evento não for encontrado no cadastro de Serviço Operadora OU não é um código válido..,2009,2009,N,Esta glosa será apresentada quando o Serviço informado no Item Evento não for encontrado no cadastro de Serviço Operadora OU não é um código válido..,,,,2009,,1,,,,2009,1,,76
79,Beneficiário cumprindo carência para determinado CID e/ou Serviço que esteja definido como pré-existência.,2016,2016,N,Beneficiário cumprindo carência para determinado CID e/ou Serviço que esteja definido como pré-existência.,,,,1410,,1,,,,1410,1,,79
81,Serviço associado informado no item evento não poderá ser cobrado pois já está incluido no serviço base.,2009,2009,N,Serviço associado informado no item evento não poderá ser cobrado pois já está incluido no serviço base.,,,,1824,,1,,,,1824,1,,81
83,"Esta glosa será apresentada quando não for encontrada uma Negociação de Tabela de Serviço vinculada ao Contrato ou Modelo de Contrato do beneficiário informado. Caso exista, a negociação não deve estar vigente durante o período de atendimento.",2004,2004,N,"Esta glosa será apresentada quando não for encontrada uma Negociação de Tabela de Serviço vinculada ao Contrato ou Modelo de Contrato do beneficiário informado. Caso exista, a negociação não deve estar vigente durante o período de atendimento.",,,,1301,,1,,,,1301,1,,83
84,"Esta glosa será apresentada quando não for encontrada uma Negociação de Tabela de Serviço vinculada ao Prestador de Serviço informado (Executante / Local Execução) OU a Classe de Prestador. Caso exista, a negociação não deve estar vigente durante o período de atendimento.",998,998,N,"Esta glosa será apresentada quando não for encontrada uma Negociação de Tabela de Serviço vinculada ao Prestador de Serviço informado (Executante / Local Execução) OU a Classe de Prestador. Caso exista, a negociação não deve estar vigente durante o período de atendimento.",,,,1301,,1,,,,1301,1,,84
85,Esta glosa será apresentada quando o Prestador de Serviço informado não estiver vigente na Operadora no período de atendimento.,998,998,N,Esta glosa será apresentada quando o Prestador de Serviço informado não estiver vigente na Operadora no período de atendimento.,,,,1707,,1,,,,1707,1,,85
86,Esta glosa será apresentada quando o Prestador de Serviço informado estiver suspenso na Operadora no período de atendimento.,998,998,N,Esta glosa será apresentada quando o Prestador de Serviço informado estiver suspenso na Operadora no período de atendimento.,,,,1003,,1,,,,1003,1,,86
87,Esta glosa será apresentada quando o Prestador de Serviço informado possuir suspensão com vínculo rescindido com a Operadora no período de atendimento.,998,998,N,Esta glosa será apresentada quando o Prestador de Serviço informado possuir suspensão com vínculo rescindido com a Operadora no período de atendimento.,,,,1003,,1,,,,1003,1,,87
91,Local de atendimento informado no item evento não foi encontrado na base de dados.,2019,2019,N,Local de atendimento informado no item evento não foi encontrado na base de dados.,,,,1707,,1,,,,1707,1,,91
92,Esta glosa será apresentada quando não existir um vínculo contratual entre o a Unimed Origem (Unimed do beneficiário) E a Unimed Destino (Local onde o beneficiário foi atendido) OU no Modelo de Contrato vinculado ao Contrato do beneficiário de intercâmbio não for do tipo Eventual.,2019,2019,N,Esta glosa será apresentada quando não existir um vínculo contratual entre o a Unimed Origem (Unimed do beneficiário) E a Unimed Destino (Local onde o beneficiário foi atendido) OU no Modelo de Contrato vinculado ao Contrato do beneficiário de intercâmbio não for do tipo Eventual.,,,,0,,1,,,,0,1,,92
93,Esta glosa será apresentada quando no Evento o campo “Nome” do beneficiário intercâmbio estiver em branco.,2004,2004,N,Esta glosa será apresentada quando no Evento o campo “Nome” do beneficiário intercâmbio estiver em branco.,,,,1023,,1,,,,1023,1,,93
95,"Esta glosa será apresentada quando a data informada no campo ""Data Validade Inicial"" no Cartão Identificação / Aba Geral for maior que a data informada no campo ""Data Início Faturamento"" no Evento / Aba Atendimento / Sub-Aba Geral.",998,998,N,"Esta glosa será apresentada quando a data informada no campo ""Data Validade Inicial"" no Cartão Identificação / Aba Geral for maior que a data informada no campo ""Data Início Faturamento"" no Evento / Aba Atendimento / Sub-Aba Geral.",,,,1022,,1,,,,1022,1,,95
96,Esta glosa será apresentada quando o código do Local Execução informado no Evento não existir no cadastro de Prestador de Serviço.,2041,2041,N,Esta glosa será apresentada quando o código do Local Execução informado no Evento não existir no cadastro de Prestador de Serviço.,,,,1707,,1,,,,1707,1,,96
97,Não encontrado Valor Serv. Tabela para o Serviço informado no item evento ou Serviço não está vigente.,2041,2041,N,Não encontrado Valor Serv. Tabela para o Serviço informado no item evento ou Serviço não está vigente.,,,,1707,,1,,,,1707,1,,97
98,Esta glosa será apresentada quando o CID informado no Evento ou Solicitação não for encontrado no cadastro de CID OU não é um registro válido.,0,0,N,Esta glosa será apresentada quando o CID informado no Evento ou Solicitação não for encontrado no cadastro de CID OU não é um registro válido.,,,,1509,,1,,,,1509,1,,98
100,Esta glosa será apresentada quando o beneficiário informado estiver com documentos financeiros vencidos e com status em aberto na data de atendimento.,2004,2004,N,Esta glosa será apresentada quando o beneficiário informado estiver com documentos financeiros vencidos e com status em aberto na data de atendimento.,,,,1016,,1,,,,1016,1,,100
103,"A quantidade de serviços, para o mesmo usuário, é maior que o limite de unidades permitidas no periodo estabelecido na cobertura",2015,2015,N,"A quantidade de serviços, para o mesmo usuário, é maior que o limite de unidades permitidas no periodo estabelecido na cobertura",,,,1409,,1,,,,1409,1,,103
110,Rede Referenciada definida no Beneficiário e no Local de execução são incompatíveis.,998,998,N,Rede Referenciada definida no Beneficiário e no Local de execução são incompatíveis.,,,,1212,,1,,,,1212,1,,110
118,Prestador de Serviço não possui a Especialidade de Serviço Informada.,998,998,N,Prestador de Serviço não possui a Especialidade de Serviço Informada.,,,,1216,,1,,,,1216,1,,118
124,Contrato relacionado ao código do cartão informado não foi encontrado.,2004,2004,N,Contrato relacionado ao código do cartão informado não foi encontrado.,,,,1022,,1,,,,1022,1,,124
125,Esta glosa será apresentada quando o tipo de procedimento do serviço informado não for compatível com o tipo de procedimento permitido no Grupo de Apropriação.,2009,2009,N,Esta glosa será apresentada quando o tipo de procedimento do serviço informado não for compatível com o tipo de procedimento permitido no Grupo de Apropriação.,,,,1301,,1,,,,1301,1,,125
127,Esta glosa será apresentada quando o Tipo de Procedimento do serviço informado não for compatível com o Tipo de Procedimento permitido no Grupo de Apropriação.,2041,2041,N,Esta glosa será apresentada quando o Tipo de Procedimento do serviço informado não for compatível com o Tipo de Procedimento permitido no Grupo de Apropriação.,,,,1301,,1,,,,1301,1,,127
129,Não foi possível efetuar conexão com o Destino.,998,998,N,Não foi possível efetuar conexão com o Destino.,,,,2707,,1,,,,2707,1,,129
130,Esta glosa será apresentada quando o Serviço Operadora informado no Evento E/OU na Solicitação Serviço possuir um tipo de serviço considerado como não executável. ,2009,2009,N,Esta glosa será apresentada quando o Serviço Operadora informado no Evento E/OU na Solicitação Serviço possuir um tipo de serviço considerado como não executável. ,,,,2707,,1,,,,2707,1,,130
133,Esta glosa será apresentada quando a Negociação de Contratação de Serviço exigir Auditoria Obrigatória para os itens que compõe a Solicitação.,2041,2041,N,Esta glosa será apresentada quando a Negociação de Contratação de Serviço exigir Auditoria Obrigatória para os itens que compõe a Solicitação.,,,,1425,,1,,,,1425,1,,133
135,Qtde Procedimentos solicitados no período maior que o permitido pelo ItemNegSolServico.,2014,2014,N,Qtde Procedimentos solicitados no período maior que o permitido pelo ItemNegSolServico.,,,,1409,,1,,,,1409,1,,135
142,Cartão Beneficiário não encontrado (glosa utilizada nas respostas de transações on-line para validação do beneficiário).,2028,2028,N,Cartão Beneficiário não encontrado (glosa utilizada nas respostas de transações on-line para validação do beneficiário).,,,,0,,1,,,,0,1,,142
144,O porte anestésico do atendimento não foi definido na Tabela de Serviço ou não está vigente.,998,998,N,O porte anestésico do atendimento não foi definido na Tabela de Serviço ou não está vigente.,,,,1301,,1,,,,1301,1,,144
155,Tipo Transação de autorização não prevista na negociação de captura,2001,2001,N,Tipo Transação de autorização não prevista na negociação de captura,,,,3097,,1,,,,3097,1,,155
159,Foi realizada uma solicitação de autorização PTU para beneficiario de outra Unimed,2002,2002,N,Foi realizada uma solicitação de autorização PTU para beneficiario de outra Unimed,,,,1304,,1,,,,1304,1,,159
160,A glosa recebida na resposta da transação não possui relacionamento,2041,2041,N,A glosa recebida na resposta da transação não possui relacionamento,,,,2707,,1,,,,2707,1,,160
163,"Esta glosa será apresentada quando for identificada duplicidade nos atendimentos. Serão considerados como duplicidade atendimentos que forem realizados com o mesmo prestador, para o mesmo serviço e na mesma data.",2041,2041,N,"Esta glosa será apresentada quando for identificada duplicidade nos atendimentos. Serão considerados como duplicidade atendimentos que forem realizados com o mesmo prestador, para o mesmo serviço e na mesma data.",,,,1823,,1,,,,1823,1,,163
164,Existem dois prestadores realizando o mesmo serviço numa mesma data de Realização,2041,2041,N,Existem dois prestadores realizando o mesmo serviço numa mesma data de Realização,,,,1823,,1,,,,1823,1,,164
165,Valores procedimentos solicitados no período maior que o permitido.,2014,2014,N,Valores procedimentos solicitados no período maior que o permitido.,,,,0,,1,,,,0,1,,165
168,"Esta glosa será apresentada para Evento OU Solicitação de Serviço cujo “Grupo Apropriação” seja do Tipo Evento “Internações” OU “Internações Intercâmbio” E não possui um serviço do Tipo “Diária Hospitalar” informado. Se não existir um serviço do Tipo Diária informado no Evento, será verificado se há Evento Principal vinculado, sendo que este evento não deve possuir serviço do Tipo Diária.",998,998,N,"Esta glosa será apresentada para Evento OU Solicitação de Serviço cujo “Grupo Apropriação” seja do Tipo Evento “Internações” OU “Internações Intercâmbio” E não possui um serviço do Tipo “Diária Hospitalar” informado. Se não existir um serviço do Tipo Diária informado no Evento, será verificado se há Evento Principal vinculado, sendo que este evento não deve possuir serviço do Tipo Diária.",,,,1506,,1,,,,1506,1,,168
169,Verificar Abrangência do Contrato e Consistir Endereços (Contratante e Operadora).,2071,2071,N,Verificar Abrangência do Contrato e Consistir Endereços (Contratante e Operadora).,,,,1013,,1,,,,1013,1,,169
170,Esta glosa será apresentada para itens de Solicitação de Serviço que exigem Pré-Autorização.,2046,2046,N,Esta glosa será apresentada para itens de Solicitação de Serviço que exigem Pré-Autorização.,,,,1425,,1,,,,1425,1,,170
171,Tipo da Solicitação não permite que ela seja utilizada em eventos.,998,998,N,Tipo da Solicitação não permite que ela seja utilizada em eventos.,,,,1301,,1,,,,1301,1,,171
178,Esta glosa será apresentada quando o campo “Técnica Utilizada“ for informado no Item da Solicitação de Serviço / Item Evento e o procedimento não permitir a técnica utilizada.,998,998,N,Esta glosa será apresentada quando o campo “Técnica Utilizada“ for informado no Item da Solicitação de Serviço / Item Evento e o procedimento não permitir a técnica utilizada.,,,,1707,,1,,,,1707,1,,178
180,Motivo Fechamento ou CID Óbito ou Num Dec Óbito nulos ou incompatíveis,998,998,N,Motivo Fechamento ou CID Óbito ou Num Dec Óbito nulos ou incompatíveis,,,,1508,,1,,,,1508,1,,180
181,Cancelado com sucesso.,998,998,N,Cancelado com sucesso.,,,,1301,,1,,,,1301,1,,181
189,"O prestador não pode realizar um segunda consulta com o mesmo beneficiário num periodo inferior ao estabelecido, a partir da primeira consulta (Consulta de Retorno)",2041,2041,N,"O prestador não pode realizar um segunda consulta com o mesmo beneficiário num periodo inferior ao estabelecido, a partir da primeira consulta (Consulta de Retorno)",,,,1823,,1,,,,1823,1,,189
193,Esta glosa será apresentada quando o beneficiário estiver suspenso com vínculo rescindido na data do atendimento E não teve o cartão de identificação devolvido (campo “Data Devolução” em branco).  ,2044,2044,N,Esta glosa será apresentada quando o beneficiário estiver suspenso com vínculo rescindido na data do atendimento E não teve o cartão de identificação devolvido (campo “Data Devolução” em branco).  ,,,,1016,,1,,,,1016,1,,193
205,Negociação Serviço possui restrição para execução,0,0,N,Negociação Serviço possui restrição para execução,,,,1301,,1,,,,1301,1,,205
211,Não foi possível pre-autorizar o item integralmente para o executante.,2046,2046,N,Não foi possível pre-autorizar o item integralmente para o executante.,,,,1425,,1,,,,1425,1,,211
228,"Esta glosa será apresentada quando um evento (independente do Grupo de Apropriação) estiver sobrepondo o período de um evento de Internação para o mesmo Beneficiário, sendo que o Evento de Internação já foi cobrado.",0,0,N,"Esta glosa será apresentada quando um evento (independente do Grupo de Apropriação) estiver sobrepondo o período de um evento de Internação para o mesmo Beneficiário, sendo que o Evento de Internação já foi cobrado.",,,,3089,,1,,,,3089,1,,228
229,"Esta glosa será apresentada quando um evento (independente do Grupo de Apropriação) estiver sobrepondo o período de um evento de Internação para o mesmo Beneficiário, sendo que o Evento de Internação já foi pago.",0,0,N,"Esta glosa será apresentada quando um evento (independente do Grupo de Apropriação) estiver sobrepondo o período de um evento de Internação para o mesmo Beneficiário, sendo que o Evento de Internação já foi pago.",,,,3089,,1,,,,3089,1,,229
230,Evento de internação não possui honorário médico relacionado,0,0,N,Evento de internação não possui honorário médico relacionado,,,,1506,,1,,,,1506,1,,230
231,Evento está no período de internação do Evento ,2041,2041,N,Evento está no período de internação do Evento ,,,,1506,,1,,,,1506,1,,231
232,"Esta glosa será apresentada quando um evento (independente do Grupo de Apropriação) estiver sobrepondo o período de um evento de Internação para o mesmo Beneficiário, sendo que o Evento de Internação está concluído E sem Item Financeiro de cobrança OU pagamento.",0,0,N,"Esta glosa será apresentada quando um evento (independente do Grupo de Apropriação) estiver sobrepondo o período de um evento de Internação para o mesmo Beneficiário, sendo que o Evento de Internação está concluído E sem Item Financeiro de cobrança OU pagamento.",,,,3089,,1,,,,3089,1,,232
241,Esta glosa será apresentada quando o atendimento for de Serviço de parto (Serviço Operadora / campo “Serviços Obstétricos / Partos” preenchido com a opção “Parto Normal” ou “Parto Cesáreo”) E o Tipo Internação for diferente de “Internação Obstétrica” ou não estiver preenchida.,0,0,N,Esta glosa será apresentada quando o atendimento for de Serviço de parto (Serviço Operadora / campo “Serviços Obstétricos / Partos” preenchido com a opção “Parto Normal” ou “Parto Cesáreo”) E o Tipo Internação for diferente de “Internação Obstétrica” ou não estiver preenchida.,,,,1506,,1,,,,1506,1,,241
242,"Esta glosa será apresentada quando o atendimento for de Serviço obstétrico (Serviço Operadora / campo “Serviços Obstétricos / Partos” preenchido com a opção “Parto Normal”, “Parto Cesáreo” ou “Serviços Obstétricos”) E for informado um “Tipo Internação” diferente de “Internação Cirúrgica” ou “Internação Obstétrica”. Caso o Tipo Internação esteja em branco, a glosa será apresentada quando o “Tipo Tratamento” (Aba Adicionais) for diferente de Obstétrico.",0,0,N,"Esta glosa será apresentada quando o atendimento for de Serviço obstétrico (Serviço Operadora / campo “Serviços Obstétricos / Partos” preenchido com a opção “Parto Normal”, “Parto Cesáreo” ou “Serviços Obstétricos”) E for informado um “Tipo Internação” diferente de “Internação Cirúrgica” ou “Internação Obstétrica”. Caso o Tipo Internação esteja em branco, a glosa será apresentada quando o “Tipo Tratamento” (Aba Adicionais) for diferente de Obstétrico.",,,,1506,,1,,,,1506,1,,242
248,Esta informação é obrigatória na exportação do PTU.,0,0,N,Esta informação é obrigatória na exportação do PTU.,,,,1301,,1,,,,1301,1,,248
253,"Quando informado algum campo CID Óbito Inf., também, deve ser informada a mesma quantidade de campos Número Declaração Óbito e vice-versa.",0,0,N,"Quando informado algum campo CID Óbito Inf., também, deve ser informada a mesma quantidade de campos Número Declaração Óbito e vice-versa.",,,,1301,,1,,,,1301,1,,253
255,Esta glosa será apresentada quando a acomodação autorizada ou informada no Evento for inferior à acomodação definida no Módulo Operadora do beneficiário.,2023,2023,N,Esta glosa será apresentada quando a acomodação autorizada ou informada no Evento for inferior à acomodação definida no Módulo Operadora do beneficiário.,,,,1901,,1,,,,1901,1,,255
256,Esta glosa será apresentada quando a acomodação autorizada ou informada no Evento for superior à acomodação definida no Módulo Operadora do beneficiário.,2024,2024,N,Esta glosa será apresentada quando a acomodação autorizada ou informada no Evento for superior à acomodação definida no Módulo Operadora do beneficiário.,,,,1901,,1,,,,1901,1,,256
263,Esta glosa será apresentada quando a data de atendimento informada no Evento não possuir horário definido.,0,0,N,Esta glosa será apresentada quando a data de atendimento informada no Evento não possuir horário definido.,,,,1703,,1,,,,1703,1,,263
271,Esta glosa será apresentada quando o atendimento for de Internação E no cadastro do CID informado estiver parametrizado com o “Tipo CID” diferente de Diagnóstico/Definitivo”.,0,0,N,Esta glosa será apresentada quando o atendimento for de Internação E no cadastro do CID informado estiver parametrizado com o “Tipo CID” diferente de Diagnóstico/Definitivo”.,,,,1509,,1,,,,1509,1,,271
272,"Esta glosa será apresentada quando o checkbox ""Sol/Exec Tipos Adm. Listados” no “Serviço Operadora” / Aba Tipos Admissão estiver marcado e sem Caráter Atendimento (Tipo Admissão) definido OU quando for definido o Caráter Atendimento na grid “Tipos Admissão” E o mesmo for diferente do Caráter Atendimento informado no Evento OU na Solicitação Serviço.",0,0,N,"Esta glosa será apresentada quando o checkbox ""Sol/Exec Tipos Adm. Listados” no “Serviço Operadora” / Aba Tipos Admissão estiver marcado e sem Caráter Atendimento (Tipo Admissão) definido OU quando for definido o Caráter Atendimento na grid “Tipos Admissão” E o mesmo for diferente do Caráter Atendimento informado no Evento OU na Solicitação Serviço.",,,,1213,,1,,,,1213,1,,272
278,"O tipo de Participação da Classe de Participação do Item de Evento foi definido como ""(A) Anestesista"" ou ""(N) Auxiliar de Anestesista"", mas o Item da Solicitação não permite Auxiliar de Anestesista.",0,0,N,"O tipo de Participação da Classe de Participação do Item de Evento foi definido como ""(A) Anestesista"" ou ""(N) Auxiliar de Anestesista"", mas o Item da Solicitação não permite Auxiliar de Anestesista.",,,,1301,,1,,,,1301,1,,278
280,Procedimento Principal deve ser informado,2031,2031,N,Procedimento Principal deve ser informado,,,,2707,,1,,,,2707,1,,280
288,Glosa Referente aos erros da transação 00310 (WSD).,2041,2041,N,Glosa Referente aos erros da transação 00310 (WSD).,,,,2707,,1,,,,2707,1,,288
292,Esta glosa será apresentada quando a “Pessoa” vinculada ao cadastro do Beneficiário for igual a “Pessoa” vinculada ao Prestador de Serviço.,0,0,N,Esta glosa será apresentada quando a “Pessoa” vinculada ao cadastro do Beneficiário for igual a “Pessoa” vinculada ao Prestador de Serviço.,,,,1410,,1,,,,1410,1,,292
293,Procedimento com via de acesso Única não é o de maior índice,0,0,N,Procedimento com via de acesso Única não é o de maior índice,,,,1301,,1,,,,1301,1,,293
298,Serviço exige homologação valida para ser utilizado,0,0,N,Serviço exige homologação valida para ser utilizado,,,,1301,,1,,,,1301,1,,298
301,"Esta glosa será apresentada quando no Item Evento / Aba Geral, o campo “Grau Participação” não for preenchido E o checkbox ""Exec. Só Part. Listado” no Serviço Operadora / Aba Procedimento Médico / Sub-Aba Grau de Participação estiver marcado com ou sem registro na grid “Grau de Participação”.",0,0,N,"Esta glosa será apresentada quando no Item Evento / Aba Geral, o campo “Grau Participação” não for preenchido E o checkbox ""Exec. Só Part. Listado” no Serviço Operadora / Aba Procedimento Médico / Sub-Aba Grau de Participação estiver marcado com ou sem registro na grid “Grau de Participação”.",,,,1838,,1,,,,1838,1,,301
317,Via de acesso não pode ser diferente da via de acesso do cirurgião,0,0,N,Via de acesso não pode ser diferente da via de acesso do cirurgião,,,,1301,,1,,,,1301,1,,317
318,"Esta glosa será apresentada ao considerar procedimentos que pertençam ao mesmo prestador executante E classe de participação = Cirurgião. Se o prestador tiver Via de Acesso diferente de “Única” e realizar apenas um procedimento, esta glosa também será gerada.",0,0,N,"Esta glosa será apresentada ao considerar procedimentos que pertençam ao mesmo prestador executante E classe de participação = Cirurgião. Se o prestador tiver Via de Acesso diferente de “Única” e realizar apenas um procedimento, esta glosa também será gerada.",,,,1301,,1,,,,1301,1,,318
319,Verifique a via de acesso informada para a equipe médica,0,0,N,Verifique a via de acesso informada para a equipe médica,,,,1826,,1,,,,1826,1,,319
325,"Esta glosa será apresentada quando o checkbox ""Exec. Só Part. Listado” no “Serviço Operadora” / Aba “Procedimento Médico” / Sub-Aba “Grau Participação” estiver marcado e não existir nenhum registro na grid “Grau Participação”.",0,0,N,"Esta glosa será apresentada quando o checkbox ""Exec. Só Part. Listado” no “Serviço Operadora” / Aba “Procedimento Médico” / Sub-Aba “Grau Participação” estiver marcado e não existir nenhum registro na grid “Grau Participação”.",,,,1838,,1,,,,1838,1,,325
327,"Esta glosa será apresentada quando a idade (calculada) do beneficiário for maior que a idade informada no campo ""Idade Final Permitida"" na “Especialidade Prestação de Serviço”.",0,0,N,"Esta glosa será apresentada quando a idade (calculada) do beneficiário for maior que a idade informada no campo ""Idade Final Permitida"" na “Especialidade Prestação de Serviço”.",,,,1803,,1,,,,1803,1,,327
329,Não existe Especialidade Médica vinculada ao CBO,0,0,N,Não existe Especialidade Médica vinculada ao CBO,,,,1429,,1,,,,1429,1,,329
330,O valor de pagamento calculado pelas composições é maior que o valor informado do Item Evento.,0,0,N,O valor de pagamento calculado pelas composições é maior que o valor informado do Item Evento.,,,,1301,,1,,,,1301,1,,330
331,Existem procedimentos duplicados na Solicitação de Serviço/Evento.,0,0,N,Existem procedimentos duplicados na Solicitação de Serviço/Evento.,,,,1301,,1,,,,1301,1,,331
332,Verificar o Grupo de Apropriação X Tipo Paciente,0,0,N,Verificar o Grupo de Apropriação X Tipo Paciente,,,,1301,,1,,,,1301,1,,332
340,Prestador sem munícipio no endereço - obrigatório para monitoramento ANS,0,0,N,Prestador sem munícipio no endereço - obrigatório para monitoramento ANS,,,,1311,,1,,,,1311,1,,340
343,Está sendo apresentado no mesmo evento para o mesmo prestador e mesma data de realização mais de um serviço com possível indicação de via de acesso ou segmentação que resultará em cobrança/pagamento de 100% do valor total do serviço.,0,0,N,Está sendo apresentado no mesmo evento para o mesmo prestador e mesma data de realização mais de um serviço com possível indicação de via de acesso ou segmentação que resultará em cobrança/pagamento de 100% do valor total do serviço.,,,,1826,,1,,,,1826,1,,343
344,"Está sendo apresentado em outro evento para o mesmo beneficiário, mesmo prestador e mesma data de realização mais de um serviço com possível indicação de via de acesso ou segmentação que resultará em cobrança/pagamento de 100% do valor total do serviço.",0,0,N,"Está sendo apresentado em outro evento para o mesmo beneficiário, mesmo prestador e mesma data de realização mais de um serviço com possível indicação de via de acesso ou segmentação que resultará em cobrança/pagamento de 100% do valor total do serviço.",,,,1301,,1,,,,1301,1,,344
345,CBO informado não está associado a especialidade do Prestador,0,0,N,CBO informado não está associado a especialidade do Prestador,,,,1213,,1,,,,1213,1,,345
352,"Para atendimentos prestados a partir da vigência do Manual do Intercâmbio de 2014, as internações até 25 mil reais devem possuir a identificação do médico ou enfermeiro. Internações acima de 25 mil reais, obrigatório identificação do médico e enfermeiro opcional.",0,0,N,"Para atendimentos prestados a partir da vigência do Manual do Intercâmbio de 2014, as internações até 25 mil reais devem possuir a identificação do médico ou enfermeiro. Internações acima de 25 mil reais, obrigatório identificação do médico e enfermeiro opcional.",,,,1506,,1,,,,1506,1,,352
353,"Para atendimentos prestados a partir da vigência do Manual do Intercâmbio de 2014, as internações até 25 mil reais devem possuir a identificação do médico ou enfermeiro. Internações acima de 25 mil reais, obrigatório identificação do médico e enfermeiro opcional.",0,0,N,"Para atendimentos prestados a partir da vigência do Manual do Intercâmbio de 2014, as internações até 25 mil reais devem possuir a identificação do médico ou enfermeiro. Internações acima de 25 mil reais, obrigatório identificação do médico e enfermeiro opcional.",,,,3058,,1,,,,3058,1,,353
355,Esta glosa será apresentada no Item Evento ou Item da Solicitação quando o código do Serviço Cobrança ou Serviço não for compatível com os códigos permitidos para o intercâmbio.,2009,2009,N,Esta glosa será apresentada no Item Evento ou Item da Solicitação quando o código do Serviço Cobrança ou Serviço não for compatível com os códigos permitidos para o intercâmbio.,,,,2009,,1,,,,2009,1,,355
356,Qtde Procedimentos maior que o permitido para Grupo Contingente,2006,2006,N,Qtde Procedimentos maior que o permitido para Grupo Contingente,,,,2012,,1,,,,2012,1,,356
357,Composição não identificada na Negociação de Pagamento e a Negociação de Cobrança está parametrizada com Herda Valores,0,0,N,Composição não identificada na Negociação de Pagamento e a Negociação de Cobrança está parametrizada com Herda Valores,,,,1708,,1,,,,1708,1,,357
358,Foram identificados possíveis divergências de valor durante a criação das composições de valor e o item de evento deve ser analisado,0,0,N,Foram identificados possíveis divergências de valor durante a criação das composições de valor e o item de evento deve ser analisado,,,,1301,,1,,,,1301,1,,358
361,"Existe divergência no cadastro do porte anestésico, o porte definido na tabela de pagamento é diferente da tabela de cobrança",0,0,N,"Existe divergência no cadastro do porte anestésico, o porte definido na tabela de pagamento é diferente da tabela de cobrança",,,,1834,,1,,,,1834,1,,361
362,Para Eventos com Cobrança de Reembolso no Intercâmbio é obrigatório anexar o recibo apresentado pelo Beneficiário,0,0,N,Para Eventos com Cobrança de Reembolso no Intercâmbio é obrigatório anexar o recibo apresentado pelo Beneficiário,,,,1301,,1,,,,1301,1,,362
363,Para os casos em que houver um erro inesperado na criação de uma solicitação de serviço gerada pelo formulário do Nefron,0,0,N,Para os casos em que houver um erro inesperado na criação de uma solicitação de serviço gerada pelo formulário do Nefron,,,,2908,,1,,,,2908,1,,363
364,Para os casos em que houver um erro inesperado na geração do processo de execução de solicitação (Nefron e Transações Online),0,0,N,Para os casos em que houver um erro inesperado na geração do processo de execução de solicitação (Nefron e Transações Online),,,,3111,,1,,,,3111,1,,364
368,Esta glosa será apresentada quando o Tipo de Tabela do Serviço Operadora não estiver vigente.,0,0,N,Esta glosa será apresentada quando o Tipo de Tabela do Serviço Operadora não estiver vigente.,,,,1707,,1,,,,1707,1,,368
369,Esta glosa será apresentada quando a data do sistema for menor que o Início Faturamento ou Dt Atend ou Fim Faturamento do Evento ou Dt Atend do Item Evento.,0,0,N,Esta glosa será apresentada quando a data do sistema for menor que o Início Faturamento ou Dt Atend ou Fim Faturamento do Evento ou Dt Atend do Item Evento.,,,,1301,,1,,,,1301,1,,369
370,Esta glosa será apresentada quando o serviço operadora associado ao Item Evento ou Item da Solicitação de Serviços é do tipo procedimento medico com parâmetro Honorário incluído preenchido e Local Execução informado o executante / executante externo não estiver informado.,0,0,N,Esta glosa será apresentada quando o serviço operadora associado ao Item Evento ou Item da Solicitação de Serviços é do tipo procedimento medico com parâmetro Honorário incluído preenchido e Local Execução informado o executante / executante externo não estiver informado.,,,,1311,,1,,,,1311,1,,370
373,Serviço enviado anteriormente no PTU de aviso e informado como glosado no PTU A500,0,0,N,Serviço enviado anteriormente no PTU de aviso e informado como glosado no PTU A500,NOTA COM ERRO FLAG 7,,,1301,,1,,,,1301,1,,373
375,"Glosa somente de Aviso. Evento/Item Evento alterado após conclusão da cobrança e/ou pagamento, verificar os campos alterados no registro do Log Campo Evento.",0,0,N,"Glosa somente de Aviso. Evento/Item Evento alterado após conclusão da cobrança e/ou pagamento, verificar os campos alterados no registro do Log Campo Evento.",TABELA PAGTO NAO ENCONTRADA P VALIDADE,,,1301,,1,,,,1301,1,,375
376,Essa glosa deverá ser apresentada quando o token informado para o beneficiário não for validado pelo serviço de validação,0,0,N,Essa glosa deverá ser apresentada quando o token informado para o beneficiário não for validado pelo serviço de validação,TABELA COBR NAO ENCONTRADA P VALIDADE,,,1604,,1,,,,1604,1,,376
379,Essa glosa deve ser apresentada para manter o parecer do Pacote IGUAL ao parecer do item principal (HM) vinculado ao pacote,0,0,N,Essa glosa deve ser apresentada para manter o parecer do Pacote IGUAL ao parecer do item principal (HM) vinculado ao pacote,,,,1301,,1,,,,1301,1,,379
380,"Será aplicada glosa se o evento sendo auditado é uma internação ou SADT com tipo atendimento Pequena cirurgia, Terapias, Quimioterapia, Radioterapia ou TRS OU o Serviço operadora esta com o campo “Alta Complexidade” marcado OU o campo “Possui Diretriz Utilização” marcado E não existir preenchimento do campo “Indicação clinica” ou “Observação/Justificativa” no evento ou na solicitação de serviço.",0,0,N,"Será aplicada glosa se o evento sendo auditado é uma internação ou SADT com tipo atendimento Pequena cirurgia, Terapias, Quimioterapia, Radioterapia ou TRS OU o Serviço operadora esta com o campo “Alta Complexidade” marcado OU o campo “Possui Diretriz Utilização” marcado E não existir preenchimento do campo “Indicação clinica” ou “Observação/Justificativa” no evento ou na solicitação de serviço.",EMPRESA NAO CADASTRADA,,,3040,,1,,,,3040,1,,380
6001,Cobrança de procedimentos em discordância com  as Instruções Gerais e o Rol de Procedimentos Médicos Unimed,0,0,N,Cobrança de procedimentos em discordância com  as Instruções Gerais e o Rol de Procedimentos Médicos Unimed,,,,1304,,1,,,,1304,1,,6001
6004,Procedimento cobrado em duplicidade,0,0,N,Procedimento cobrado em duplicidade,,,,1702,,1,,,,1702,1,,6004
6005,Taxa não prevista no Intercâmbio,0,0,N,Taxa não prevista no Intercâmbio,,,,1304,,1,,,,1304,1,,6005
6007,Duplicidade na cobrança,0,0,N,Duplicidade na cobrança,,,,1304,,1,,,,1304,1,,6007
6009,Material para assepsia,0,0,N,Material para assepsia,,,,1304,,1,,,,1304,1,,6009
6012,cobrança indevida taxa registro ambulatorial  ,0,0,N,cobrança indevida taxa registro ambulatorial  ,,,,1304,,1,,,,1304,1,,6012
6022,Cobrança indevida do acréscimo de 30%   ,0,0,N,Cobrança indevida do acréscimo de 30%   ,,,,1304,,1,,,,1304,1,,6022
6029,Procedimento sem autorização  ,0,0,N,Procedimento sem autorização  ,,,,0,,1,,,,0,1,,6029
6030,Procedimento cobrado diferente do autorizado. Refaturar conforme autorização.,0,0,N,Procedimento cobrado diferente do autorizado. Refaturar conforme autorização.,,,,1304,,1,,,,1304,1,,6030
6035,Cob fora do prazo glosada tx administrativa,0,0,N,Cob fora do prazo glosada tx administrativa,,,,1304,,1,,,,1304,1,,6035
6036,material incluso no procediemnto realizado,0,0,N,material incluso no procediemnto realizado,,,,1301,,1,,,,1301,1,,6036
6043,Procedimento sem autorização.  ,0,0,N,Procedimento sem autorização.  ,,,,2707,,1,,,,2707,1,,6043
6058,Consulta de retorno inferior a 20 dias,0,0,N,Consulta de retorno inferior a 20 dias,,,,1301,,1,,,,1301,1,,6058
6059,Usuário excluido atendido com cartão vencido,0,0,N,Usuário excluido atendido com cartão vencido,,,,1016,,1,,,,1016,1,,6059
6064, Diárias não autorizadas mas que necessitam de autorização,0,0,N, Diárias não autorizadas mas que necessitam de autorização,,,,1408,,1,,,,1408,1,,6064
6077,Cobrança não vinculada ao atendimento principal,0,0,N,Cobrança não vinculada ao atendimento principal,,,,1301,,1,,,,1301,1,,6077
6080,PROCEDIMENTO MUTUAMENTE EXCLUDENTE CONTIDA EM OUTRO ITEM,0,0,N,PROCEDIMENTO MUTUAMENTE EXCLUDENTE CONTIDA EM OUTRO ITEM,,,,1301,,1,,,,1301,1,,6080
6107,Glosa de acordo com regra para cobrança de duas ou mais tomografias computadorizadas ou ressonâncias magnéticas das instruções gerais do rol de procedimento médicos,0,0,N,Glosa de acordo com regra para cobrança de duas ou mais tomografias computadorizadas ou ressonâncias magnéticas das instruções gerais do rol de procedimento médicos,,,,1301,,1,,,,1301,1,,6107
6141,Composição do pacote em desacordo com a autorização prévia,0,0,N,Composição do pacote em desacordo com a autorização prévia,,,,1301,,1,,,,1301,1,,6141
6154,Número da autorização não informado no arquivo PTU A500 ,0,0,N,Número da autorização não informado no arquivo PTU A500 ,,,,1301,,1,,,,1301,1,,6154
6155,Pedido de autorização negado,0,0,N,Pedido de autorização negado,,,,1301,,1,,,,1301,1,,6155
6172,"Não informado motivo da remoção, bem como origem e destino, no campo de observação do PTU A500",0,0,N,"Não informado motivo da remoção, bem como origem e destino, no campo de observação do PTU A500",,,,1301,,1,,,,1301,1,,6172
6173,Divergência no valor cobrado,0,0,N,Divergência no valor cobrado,,,,1304,,1,,,,1304,1,,6173
6174,Beneficiário Excluído,0,0,N,Beneficiário Excluído,Beneficiário Excluído,,,1016,,1,,,,1016,1,,6174
6177,"Atendimento contrário às informações constantes do cartão de identificação do cliente (fora da área de abrangência, com  carências, sem coberturas)",0,0,N,"Atendimento contrário às informações constantes do cartão de identificação do cliente (fora da área de abrangência, com  carências, sem coberturas)",,,,1013,,1,,,,1013,1,,6177
9000,AÇÃO TOMADA PELO FATURAMENTO,0,0,N,AÇÃO TOMADA PELO FATURAMENTO,,,,0,,1,,,,0,1,,9000